measurement_id,sequence_id,label_id,label,gyro_x,gyro_y,gyro_z,acc_x,acc_y,acc_z
1,0,3,Circular stir,-13.5,-129.1,147.9,0.99,-0.67,1.06
1,1,3,Circular stir,19.0,-152.2,105.4,1.31,0.59,0.94
1,2,3,Circular stir,18.7,74.0,33.2,1.88,-0.25,-0.38
1,3,3,Circular stir,-52.7,43.7,-59.4,0.15,-1.03,-1.76
1,4,3,Circular stir,54.1,-78.9,-49.8,-0.78,0.57,-0.48
1,5,3,Circular stir,61.3,124.7,132.1,0.11,-1.71,1.55
1,6,3,Circular stir,-73.6,-49.2,75.7,-1.61,1.53,-0.63
1,7,3,Circular stir,-9.9,10.7,80.7,-1.75,1.79,-1.02
1,8,3,Circular stir,47.6,-48.1,-35.6,1.15,0.9,-1.27
1,9,3,Circular stir,-42.8,132.2,-156.6,-1.9,0.48,1.1
1,10,3,Circular stir,-87.9,155.7,-124.8,-1.57,1.8,1.25
1,11,3,Circular stir,17.1,129.5,-99.0,1.3,1.7,0.26
1,12,3,Circular stir,-32.8,-135.1,-136.3,1.63,1.56,1.63
1,13,3,Circular stir,-46.1,-100.8,134.8,-1.28,-0.45,0.44
1,14,3,Circular stir,49.5,-47.6,-29.9,-1.73,1.32,1.7
1,15,3,Circular stir,14.8,-27.2,-74.7,1.24,-0.46,-0.98
1,16,3,Circular stir,12.3,6.6,-77.7,-1.38,-1.81,-1.37
1,17,3,Circular stir,101.6,-65.6,-51.9,-0.16,0.17,-0.15
1,18,3,Circular stir,16.0,-126.3,128.2,1.49,-1.26,0.98
1,19,3,Circular stir,-57.3,120.2,-155.1,1.04,0.56,1.19
1,20,3,Circular stir,-48.1,-58.9,71.3,-1.42,-1.87,-0.64
1,21,3,Circular stir,-9.8,-164.8,-96.0,-0.03,-1.51,0.25
1,22,3,Circular stir,-57.6,169.7,164.0,-1.16,-0.61,-1.87
1,23,3,Circular stir,46.9,-174.1,133.4,-0.46,1.91,1.97
1,24,3,Circular stir,-11.2,1.7,-77.7,-0.84,-1.38,-0.57
1,25,3,Circular stir,38.9,-137.6,161.9,0.55,-0.45,1.38
1,26,3,Circular stir,-47.5,87.6,-50.7,0.88,0.08,-0.06
1,27,3,Circular stir,-22.6,52.8,-64.5,0.9,1.59,-0.76
1,28,3,Circular stir,-36.7,170.9,-120.9,-1.4,-0.67,2.0
1,29,3,Circular stir,21.5,31.3,-71.5,1.72,-1.63,-0.79
1,30,3,Circular stir,56.3,-53.0,-50.3,1.14,1.11,-0.92
1,31,3,Circular stir,23.3,44.4,30.8,1.28,-1.02,-1.71
1,32,3,Circular stir,47.4,107.3,-154.8,0.34,0.38,0.81
1,33,3,Circular stir,63.7,19.4,88.9,-1.15,-1.04,-0.02
1,34,3,Circular stir,83.4,158.2,109.6,-1.76,1.71,0.82
1,35,3,Circular stir,-40.1,-153.0,166.3,0.43,-0.57,-1.69
1,36,3,Circular stir,47.2,-158.3,-94.3,0.61,-0.57,0.27
1,37,3,Circular stir,-28.8,-15.4,66.4,0.09,1.17,-1.23
1,38,3,Circular stir,-58.9,131.2,-114.8,-0.24,-1.23,1.29
2,0,3,Circular stir,39.0,-59.3,-28.4,0.32,0.27,-0.5
2,1,3,Circular stir,-78.9,8.9,-53.4,-0.78,0.69,-0.52
2,2,3,Circular stir,-80.0,48.1,-46.6,-1.07,0.28,-0.26
2,3,3,Circular stir,82.3,53.4,73.8,-1.69,-0.74,-0.22
2,4,3,Circular stir,20.6,21.2,-29.4,-1.13,0.61,-1.08
2,5,3,Circular stir,-21.8,-20.1,34.8,0.16,-1.26,-1.81
2,6,3,Circular stir,-31.3,66.1,-3.2,-1.45,0.02,-0.37
2,7,3,Circular stir,65.6,-26.4,44.9,0.01,-0.92,-0.93
2,8,3,Circular stir,-13.0,4.7,-61.2,-0.7,0.67,-0.38
2,9,3,Circular stir,-8.0,-16.3,-67.2,0.05,-1.71,-0.97
2,10,3,Circular stir,6.4,169.7,-156.2,-0.96,0.61,1.37
2,11,3,Circular stir,13.2,-13.3,79.0,-0.06,1.4,-0.51
2,12,3,Circular stir,34.3,74.5,51.9,0.16,-0.68,-0.55
2,13,3,Circular stir,-32.2,-164.3,96.8,-0.02,1.44,0.3
2,14,3,Circular stir,24.7,-46.3,15.9,0.34,-0.28,-1.01
2,15,3,Circular stir,-71.3,-156.1,-162.7,-0.03,0.49,1.55
2,16,3,Circular stir,-90.2,41.0,-47.9,1.91,1.1,-0.99
2,17,3,Circular stir,21.8,-28.6,46.2,-0.55,-0.33,-0.32
2,18,3,Circular stir,-117.8,39.9,-72.1,-1.34,0.61,-0.2
2,19,3,Circular stir,-3.8,-145.4,-108.8,1.08,-1.42,0.88
2,20,3,Circular stir,25.9,-8.1,77.3,-0.53,-1.98,-0.45
2,21,3,Circular stir,50.7,104.2,155.7,-0.77,-0.41,0.92
2,22,3,Circular stir,-114.0,21.6,59.3,-1.3,-1.05,-0.62
2,23,3,Circular stir,53.5,-155.3,-115.6,0.47,-1.47,1.21
2,24,3,Circular stir,-126.6,-20.1,-56.5,-0.75,0.17,-0.12
2,25,3,Circular stir,29.9,52.2,42.1,0.45,-1.42,-1.56
2,26,3,Circular stir,-71.7,-167.6,132.6,-0.18,1.84,1.98
2,27,3,Circular stir,61.0,-68.8,-84.1,-1.07,1.44,-0.15
2,28,3,Circular stir,71.7,-142.9,-149.4,0.95,1.18,-1.98
2,29,3,Circular stir,40.2,168.1,-175.7,-1.17,0.12,1.69
2,30,3,Circular stir,15.2,-13.0,71.2,0.18,0.22,-1.28
2,31,3,Circular stir,24.1,-108.0,-133.5,1.7,0.57,0.55
3,0,3,Circular stir,-49.7,132.5,179.8,1.33,-0.01,1.91
3,1,3,Circular stir,28.5,22.7,84.1,1.84,0.24,-0.39
3,2,3,Circular stir,-36.2,-38.1,-47.4,0.01,0.56,-0.51
3,3,3,Circular stir,4.4,-11.7,85.6,-0.2,-1.85,-0.14
3,4,3,Circular stir,-25.9,150.5,-116.4,-1.03,0.71,0.35
3,5,3,Circular stir,57.9,16.0,21.4,-1.21,-0.78,-1.99
3,6,3,Circular stir,61.5,-110.5,-108.1,-1.89,0.96,0.31
3,7,3,Circular stir,-39.1,-55.7,28.1,1.22,-0.59,-1.1
3,8,3,Circular stir,-30.8,-124.6,-110.2,-1.52,1.98,0.73
3,9,3,Circular stir,-25.3,-123.9,-103.0,1.96,1.67,0.38
3,10,3,Circular stir,87.5,14.1,-57.0,-1.12,1.78,-1.16
3,11,3,Circular stir,28.4,0.2,79.2,-0.64,-1.19,-0.24
3,12,3,Circular stir,-83.9,142.7,-111.8,-1.29,0.78,0.3
3,13,3,Circular stir,-18.4,176.6,-107.8,-0.99,1.42,1.73
3,14,3,Circular stir,32.9,18.6,-1.0,-0.91,0.02,-0.74
3,15,3,Circular stir,-35.8,41.4,50.8,1.23,-1.77,-1.45
3,16,3,Circular stir,-18.7,150.0,104.6,1.08,0.39,0.94
3,17,3,Circular stir,79.3,9.4,36.2,-0.96,-0.69,-0.95
3,18,3,Circular stir,-27.8,-65.1,-66.8,0.87,0.7,-0.3
3,19,3,Circular stir,70.2,-164.5,159.0,-0.6,-0.29,0.75
3,20,3,Circular stir,-37.4,-53.9,-48.5,0.73,0.85,-0.75
3,21,3,Circular stir,-27.9,-33.0,-62.9,0.79,-1.79,-1.13
3,22,3,Circular stir,-15.8,44.4,-74.3,1.78,1.37,-0.39
3,23,3,Circular stir,20.7,165.0,-107.8,-1.5,-1.61,0.77
3,24,3,Circular stir,-54.0,-44.0,48.5,0.7,-1.18,-1.04
3,25,3,Circular stir,-59.3,163.9,-150.7,-1.42,1.03,1.85
3,26,3,Circular stir,24.4,-0.1,80.0,-0.8,0.28,-0.65
3,27,3,Circular stir,40.1,175.9,-118.5,-0.85,0.55,0.31
3,28,3,Circular stir,27.2,-15.6,63.6,0.28,0.54,-1.71
3,29,3,Circular stir,39.2,111.8,-125.6,-1.06,1.41,1.02
3,30,3,Circular stir,39.5,-14.6,25.0,0.13,-1.35,1.12
3,31,3,Circular stir,-20.7,179.3,112.2,-0.76,-0.97,-1.97
3,32,3,Circular stir,-63.5,137.7,157.3,-0.9,-0.13,0.32
3,33,3,Circular stir,-48.9,151.9,-129.1,1.86,-1.73,1.85
3,34,3,Circular stir,110.1,33.5,62.7,-1.33,-1.02,-0.52
3,35,3,Circular stir,16.8,-47.0,69.3,-1.96,1.73,-0.85
4,0,3,Circular stir,-80.3,37.9,-84.7,1.67,-1.71,-1.34
4,1,3,Circular stir,-55.1,-159.1,172.8,0.56,-0.36,-1.13
4,2,3,Circular stir,17.2,48.6,-72.6,1.19,1.91,-0.6
4,3,3,Circular stir,1.7,-153.7,-102.2,1.19,-0.58,0.74
4,4,3,Circular stir,-74.3,-9.7,-39.6,-0.17,1.34,-1.62
4,5,3,Circular stir,-27.6,-16.4,-65.8,0.51,-0.77,-1.45
4,6,3,Circular stir,43.0,-169.1,141.8,0.07,-1.91,-1.57
4,7,3,Circular stir,58.4,-170.2,166.1,-0.16,-0.5,-1.96
4,8,3,Circular stir,-49.9,-41.6,2.3,-1.91,-0.12,1.06
4,9,3,Circular stir,-43.2,29.4,24.6,1.96,-1.13,1.54
4,10,3,Circular stir,-10.5,30.9,-53.5,-1.8,1.72,-1.28
4,11,3,Circular stir,-6.1,17.6,81.1,-1.72,0.13,-0.61
4,12,3,Circular stir,-82.6,178.6,94.4,-0.55,1.28,0.2
4,13,3,Circular stir,66.9,-125.7,-113.4,-0.97,-1.68,1.0
4,14,3,Circular stir,51.5,37.0,-27.7,-1.16,0.4,-0.78
4,15,3,Circular stir,31.3,-62.5,78.8,-1.02,-1.82,-0.37
4,16,3,Circular stir,-68.7,-55.7,46.1,1.85,-1.2,-1.17
4,17,3,Circular stir,59.3,-130.0,-141.3,-1.98,1.38,1.71
4,18,3,Circular stir,40.5,-19.1,-71.3,0.3,-1.22,-0.94
4,19,3,Circular stir,-51.0,21.8,16.8,-1.78,-0.76,1.48
4,20,3,Circular stir,62.0,128.8,112.1,1.58,-1.25,0.51
4,21,3,Circular stir,-69.5,27.7,47.2,-1.22,-0.65,-0.61
4,22,3,Circular stir,36.7,-121.4,-175.6,0.22,0.05,0.64
4,23,3,Circular stir,112.4,-27.6,-77.2,-0.08,1.4,-0.32
4,24,3,Circular stir,79.8,59.3,48.2,-1.99,-0.51,-0.46
4,25,3,Circular stir,-18.6,25.9,74.4,1.48,0.66,-0.93
4,26,3,Circular stir,-31.5,-141.8,-126.8,1.72,-1.4,1.95
4,27,3,Circular stir,-54.2,78.6,-77.7,-1.3,0.88,-0.19
4,28,3,Circular stir,40.8,-69.5,-4.6,-1.09,0.11,-1.4
4,29,3,Circular stir,-15.9,42.4,49.3,1.93,-1.05,-0.89
4,30,3,Circular stir,24.0,-143.4,110.2,1.91,0.58,1.27
5,0,3,Circular stir,-59.6,10.9,24.6,-1.03,-0.98,1.86
5,1,3,Circular stir,31.6,38.6,-56.9,0.72,-1.15,-1.86
5,2,3,Circular stir,-172.3,-4.3,58.2,-0.45,-1.42,-0.88
5,3,3,Circular stir,-105.4,151.1,-132.6,-1.08,0.68,0.63
5,4,3,Circular stir,37.1,-9.5,-43.7,-0.25,1.21,-1.26
5,5,3,Circular stir,50.8,68.1,86.9,0.17,-1.32,-0.07
5,6,3,Circular stir,20.6,54.3,63.3,1.09,-1.53,-0.77
5,7,3,Circular stir,26.9,75.9,74.2,0.31,-0.76,-0.21
5,8,3,Circular stir,-79.0,-46.8,77.6,0.51,-0.96,-0.21
5,9,3,Circular stir,-24.2,-49.9,-83.6,-1.66,-1.59,-0.27
5,10,3,Circular stir,71.6,35.4,57.7,1.39,1.52,-1.57
5,11,3,Circular stir,-15.8,-123.9,-90.6,-1.86,1.75,0.01
5,12,3,Circular stir,-10.0,133.5,122.8,1.68,-1.47,0.94
5,13,3,Circular stir,-49.7,-139.1,-127.9,0.12,0.54,0.42
5,14,3,Circular stir,53.4,139.8,134.5,0.91,1.8,-1.85
5,15,3,Circular stir,43.6,104.6,95.7,0.48,-0.76,0.07
5,16,3,Circular stir,-144.2,3.8,-50.5,-0.68,1.09,-0.91
5,17,3,Circular stir,16.6,100.3,-115.8,-1.49,0.15,0.06
5,18,3,Circular stir,13.2,157.6,-98.5,-1.27,1.36,0.2
5,19,3,Circular stir,-1.2,172.6,-91.1,-1.32,0.72,0.09
5,20,3,Circular stir,-12.7,-44.1,-82.0,0.01,0.74,-0.11
5,21,3,Circular stir,70.9,69.9,-1.4,-1.56,0.01,-0.31
5,22,3,Circular stir,54.7,0.1,1.6,-0.81,-0.07,1.67
5,23,3,Circular stir,37.9,-54.0,-82.9,1.22,1.46,-0.18
5,24,3,Circular stir,-49.1,-100.9,175.2,-0.04,-0.08,0.92
5,25,3,Circular stir,66.5,13.4,-42.1,-1.4,1.65,-1.83
5,26,3,Circular stir,16.1,153.4,-97.9,-1.87,-1.92,0.29
5,27,3,Circular stir,36.7,113.1,-127.6,-0.54,1.26,0.97
5,28,3,Circular stir,60.6,177.5,145.8,-0.94,-1.63,-1.6
5,29,3,Circular stir,20.0,-118.7,148.2,0.63,-0.39,0.65
5,30,3,Circular stir,-64.1,-4.4,43.7,-0.56,-1.45,-1.51
5,31,3,Circular stir,38.1,122.7,-154.9,-1.91,0.32,0.7
5,32,3,Circular stir,12.0,-22.4,81.5,-0.28,-1.0,-0.14
6,0,4,Horizontal Swing,-53.7,151.1,168.6,1.46,0.02,1.57
6,1,4,Horizontal Swing,-37.3,-57.6,-26.1,1.02,0.42,-0.85
6,2,4,Horizontal Swing,-16.8,-58.7,-81.0,1.55,1.21,-0.19
6,3,4,Horizontal Swing,-43.2,-117.2,166.0,0.53,-0.12,0.5
6,4,4,Horizontal Swing,-39.1,-36.5,-45.9,1.03,1.46,-1.42
6,5,4,Horizontal Swing,-37.5,111.1,108.8,-0.96,-1.64,0.56
6,6,4,Horizontal Swing,-48.3,-35.4,-6.0,0.3,0.11,-1.08
6,7,4,Horizontal Swing,17.2,36.4,-85.0,1.76,-1.61,-0.21
6,8,4,Horizontal Swing,-0.2,-2.0,89.6,-0.26,1.64,-0.05
6,9,4,Horizontal Swing,-4.9,-169.1,-91.5,0.08,-1.13,0.07
6,10,4,Horizontal Swing,6.9,140.9,-111.4,-1.85,1.58,0.62
6,11,4,Horizontal Swing,-161.0,7.5,17.2,-0.65,-0.31,-1.02
6,12,4,Horizontal Swing,30.4,175.3,106.6,-0.84,0.18,1.14
6,13,4,Horizontal Swing,40.5,36.0,-1.5,1.68,0.07,1.52
6,14,4,Horizontal Swing,-83.7,141.5,167.7,-1.54,-0.27,1.25
6,15,4,Horizontal Swing,-30.8,-64.1,35.3,0.35,-0.26,-0.38
6,16,4,Horizontal Swing,10.9,115.1,-156.2,1.13,0.43,0.96
6,17,4,Horizontal Swing,70.1,1.8,0.8,-0.69,-0.03,1.48
6,18,4,Horizontal Swing,8.3,-177.3,-98.4,-0.45,-0.38,0.53
6,19,4,Horizontal Swing,39.5,-53.8,54.4,0.86,-0.9,-0.65
6,20,4,Horizontal Swing,-45.7,-35.8,61.6,-1.63,0.32,-2.0
6,21,4,Horizontal Swing,-41.2,-49.5,-31.8,0.91,0.71,-1.13
6,22,4,Horizontal Swing,0.6,-24.7,38.7,0.26,-1.25,-1.56
6,23,4,Horizontal Swing,39.1,-60.5,-84.5,1.34,1.13,-0.11
6,24,4,Horizontal Swing,-27.5,171.1,-109.7,-0.95,1.71,0.61
6,25,4,Horizontal Swing,-28.0,-173.1,165.2,-0.48,-0.38,1.44
6,26,4,Horizontal Swing,40.8,68.1,-47.9,-0.15,1.04,-0.94
6,27,4,Horizontal Swing,57.9,-139.2,-157.7,1.35,0.89,-1.82
6,28,4,Horizontal Swing,-67.8,-33.2,22.1,-0.16,-0.29,-0.73
6,29,4,Horizontal Swing,45.6,-93.2,-126.8,0.51,0.23,0.17
6,30,4,Horizontal Swing,25.3,-48.0,66.8,1.18,-1.56,-0.68
6,31,4,Horizontal Swing,7.2,-177.0,-97.3,-0.46,0.8,0.61
6,32,4,Horizontal Swing,79.3,41.1,86.7,0.77,1.13,-0.17
6,33,4,Horizontal Swing,-15.7,-139.6,-114.2,0.95,1.82,0.81
6,34,4,Horizontal Swing,-5.9,-169.3,-102.4,-0.16,-0.98,0.65
6,35,4,Horizontal Swing,12.5,-174.6,100.3,-0.58,-1.61,0.28
6,36,4,Horizontal Swing,-50.9,-99.2,166.2,1.55,-0.08,0.33
6,37,4,Horizontal Swing,31.4,-37.6,43.1,1.6,-1.94,1.92
6,38,4,Horizontal Swing,-44.0,77.0,45.4,-0.65,-0.67,-0.67
6,39,4,Horizontal Swing,45.7,97.3,-123.4,0.37,0.33,0.21
6,40,4,Horizontal Swing,-18.4,-156.3,132.0,0.05,-0.96,0.86
6,41,4,Horizontal Swing,-44.1,98.6,172.1,-0.61,-0.09,0.61
6,42,4,Horizontal Swing,40.0,-136.0,164.0,1.42,-0.56,1.93
7,0,4,Horizontal Swing,-25.3,52.9,20.6,-1.63,-0.33,-0.87
7,1,4,Horizontal Swing,-8.9,154.6,97.9,1.76,0.19,0.53
7,2,4,Horizontal Swing,59.8,14.4,49.5,-0.93,-1.52,-1.3
7,3,4,Horizontal Swing,47.4,17.8,37.1,-1.57,1.82,1.12
7,4,4,Horizontal Swing,-74.5,142.6,-144.6,-1.74,1.01,1.41
7,5,4,Horizontal Swing,6.6,168.3,-92.7,-1.2,-0.18,0.18
7,6,4,Horizontal Swing,39.3,68.1,-20.9,-1.6,0.17,-0.44
7,7,4,Horizontal Swing,-45.3,71.5,-68.7,-0.36,1.23,-0.48
7,8,4,Horizontal Swing,31.3,-73.8,16.9,-1.12,-0.28,-0.92
7,9,4,Horizontal Swing,162.4,158.7,-165.6,-0.54,0.08,0.31
7,10,4,Horizontal Swing,178.4,175.6,-101.4,-0.51,1.15,0.23
7,11,4,Horizontal Swing,50.8,114.1,166.3,-0.01,-0.37,1.56
7,12,4,Horizontal Swing,-5.5,6.1,85.0,-0.98,-1.21,-0.45
7,13,4,Horizontal Swing,-46.1,26.9,6.8,-0.89,-0.1,-0.91
7,14,4,Horizontal Swing,35.6,19.7,38.6,-0.69,-0.45,-0.57
7,15,4,Horizontal Swing,128.4,-164.9,-106.9,0.13,-1.66,0.71
7,16,4,Horizontal Swing,-179.2,-153.5,-156.8,-0.46,0.06,0.12
7,17,4,Horizontal Swing,-71.3,-153.0,121.6,0.9,1.59,1.48
7,18,4,Horizontal Swing,-22.5,-167.7,116.7,0.34,0.17,1.93
7,19,4,Horizontal Swing,37.7,-157.6,134.9,1.04,1.19,-1.21
7,20,4,Horizontal Swing,-43.2,-104.2,-147.5,-0.07,0.62,0.97
7,21,4,Horizontal Swing,-39.5,-82.0,-37.2,-0.19,0.38,-0.5
7,22,4,Horizontal Swing,-49.2,108.4,-159.9,0.25,0.36,0.97
7,23,4,Horizontal Swing,-62.0,119.8,-128.7,0.47,1.3,1.04
7,24,4,Horizontal Swing,120.5,165.1,101.5,-1.33,1.42,0.52
7,25,4,Horizontal Swing,176.7,158.1,129.1,-0.98,-0.68,0.56
7,26,4,Horizontal Swing,-21.8,20.8,51.0,-1.61,1.98,-1.64
7,27,4,Horizontal Swing,-37.1,22.0,6.3,-1.63,-0.27,1.54
7,28,4,Horizontal Swing,49.1,146.6,111.7,-1.18,-0.78,0.31
7,29,4,Horizontal Swing,-31.8,2.2,-55.5,-0.84,-1.17,-1.96
7,30,4,Horizontal Swing,-54.2,-126.1,155.0,1.91,-0.81,1.72
7,31,4,Horizontal Swing,73.8,-35.7,-79.5,0.74,-1.99,-0.38
7,32,4,Horizontal Swing,-49.0,-67.0,-15.7,-1.61,0.36,-1.3
7,33,4,Horizontal Swing,-20.8,-162.3,-114.0,0.23,-1.12,1.27
7,34,4,Horizontal Swing,-70.9,33.4,-86.7,0.97,-0.58,-0.21
8,0,4,Horizontal Swing,26.8,150.1,125.9,-1.45,-1.49,1.08
8,1,4,Horizontal Swing,-128.4,158.5,-115.4,-0.61,0.49,0.23
8,2,4,Horizontal Swing,24.7,135.0,-104.0,1.32,-1.79,0.55
8,3,4,Horizontal Swing,173.7,15.7,79.2,-0.45,-0.19,-0.04
8,4,4,Horizontal Swing,-43.1,-170.2,104.7,0.32,-0.06,1.07
8,5,4,Horizontal Swing,91.7,149.7,101.3,-1.08,-1.15,0.23
8,6,4,Horizontal Swing,17.3,-5.8,-64.4,-0.14,-1.65,-1.12
8,7,4,Horizontal Swing,76.0,-23.0,-75.6,1.04,-0.7,-0.85
8,8,4,Horizontal Swing,-47.7,36.4,16.1,-1.88,-0.56,-1.92
8,9,4,Horizontal Swing,53.7,-17.4,-31.7,0.67,1.82,1.06
8,10,4,Horizontal Swing,82.9,-33.9,-45.0,0.24,0.69,-0.69
8,11,4,Horizontal Swing,-8.1,-131.2,91.2,0.82,-1.14,0.02
8,12,4,Horizontal Swing,19.5,-142.3,-150.7,0.63,0.71,1.25
8,13,4,Horizontal Swing,-74.0,136.0,-173.3,-1.09,0.07,0.61
8,14,4,Horizontal Swing,20.6,16.2,-73.3,-1.06,1.85,-0.56
8,15,4,Horizontal Swing,-44.5,-66.7,-33.3,1.81,0.57,-0.87
8,16,4,Horizontal Swing,33.5,-54.4,57.4,-1.57,-1.82,-1.17
8,17,4,Horizontal Swing,36.1,-116.3,113.2,-1.95,-1.2,0.52
8,18,4,Horizontal Swing,-21.0,-25.1,79.8,1.48,-0.44,-0.79
8,19,4,Horizontal Swing,-24.7,144.7,112.5,0.97,0.87,1.31
8,20,4,Horizontal Swing,-36.2,68.7,-42.0,-1.64,0.27,-0.29
8,21,4,Horizontal Swing,29.6,-127.2,-165.8,1.32,0.37,1.43
8,22,4,Horizontal Swing,8.4,-11.8,83.1,0.57,-1.37,-0.65
8,23,4,Horizontal Swing,28.9,-104.2,120.4,1.49,-0.44,0.27
8,24,4,Horizontal Swing,27.2,3.9,61.4,-0.85,0.38,-1.97
8,25,4,Horizontal Swing,40.8,132.9,-144.6,0.1,1.8,-1.47
8,26,4,Horizontal Swing,47.1,32.8,58.3,0.62,0.28,1.7
8,27,4,Horizontal Swing,-39.1,-54.8,41.6,0.17,-0.34,-0.38
8,28,4,Horizontal Swing,-24.0,19.9,-52.6,-1.27,1.57,-1.2
8,29,4,Horizontal Swing,1.8,121.9,-155.4,1.66,0.47,1.01
8,30,4,Horizontal Swing,147.6,-131.0,-95.3,-0.2,0.3,0.03
8,31,4,Horizontal Swing,-156.8,2.4,7.1,-0.62,-0.21,-1.69
8,32,4,Horizontal Swing,-63.9,-128.1,132.7,-1.76,-1.63,1.5
8,33,4,Horizontal Swing,-37.3,-39.7,-57.0,0.46,1.05,-0.68
8,34,4,Horizontal Swing,33.4,-42.5,-86.1,-1.85,-1.02,-0.2
8,35,4,Horizontal Swing,130.7,-24.7,-10.7,0.1,0.28,-1.47
8,36,4,Horizontal Swing,27.3,98.1,-112.2,0.1,0.42,0.17
8,37,4,Horizontal Swing,-10.7,156.4,119.7,-1.34,-1.36,0.76
8,38,4,Horizontal Swing,-79.7,-19.9,47.0,0.21,-1.79,-1.67
8,39,4,Horizontal Swing,-49.8,112.4,-178.0,0.58,0.02,1.12
8,40,4,Horizontal Swing,-47.9,-114.4,-123.9,0.15,0.3,0.2
8,41,4,Horizontal Swing,96.6,6.7,70.4,-1.03,1.15,-1.02
8,42,4,Horizontal Swing,-53.3,-153.6,-173.9,0.07,0.15,1.5
8,43,4,Horizontal Swing,-62.0,15.9,21.8,-1.3,-0.89,1.77
8,44,4,Horizontal Swing,-53.8,-8.1,57.6,-0.23,1.73,-1.44
8,45,4,Horizontal Swing,-57.7,131.2,-120.5,1.09,1.74,1.02
8,46,4,Horizontal Swing,-9.0,-164.5,-94.1,-0.11,1.9,0.14
8,47,4,Horizontal Swing,-45.5,-114.5,-139.2,1.17,0.54,0.63
8,48,4,Horizontal Swing,-27.6,-44.9,-69.8,1.93,-1.58,-0.89
8,49,4,Horizontal Swing,-81.8,-34.8,57.8,0.21,-1.04,-0.65
9,0,4,Horizontal Swing,-34.1,-116.2,-113.1,-0.75,1.66,0.71
9,1,4,Horizontal Swing,-27.8,153.3,-159.7,-1.22,0.56,1.51
9,2,4,Horizontal Swing,25.1,-43.4,71.7,-1.58,1.15,-0.94
9,3,4,Horizontal Swing,1.5,62.6,-81.3,0.18,1.74,-0.27
9,4,4,Horizontal Swing,5.9,25.1,-62.6,-0.92,0.97,-0.5
9,5,4,Horizontal Swing,-62.6,16.9,24.5,-1.12,-0.97,1.87
9,6,4,Horizontal Swing,38.7,123.6,-141.5,1.59,0.83,1.04
9,7,4,Horizontal Swing,14.8,-3.8,76.2,-0.04,-1.4,-1.32
9,8,4,Horizontal Swing,-39.2,-36.6,-35.3,-1.86,1.96,1.24
9,9,4,Horizontal Swing,18.6,-72.8,10.7,-1.73,-0.15,-0.8
9,10,4,Horizontal Swing,48.4,-112.2,-98.0,-0.83,1.44,0.2
9,11,4,Horizontal Swing,-57.0,145.8,-125.3,1.73,-1.7,1.63
9,12,4,Horizontal Swing,-52.8,34.4,-38.6,1.77,1.71,1.86
9,13,4,Horizontal Swing,-14.1,165.7,143.4,-0.71,-0.82,1.11
9,14,4,Horizontal Swing,-31.6,-121.1,-119.8,-1.44,1.53,0.88
9,15,4,Horizontal Swing,0.6,-178.8,92.3,-0.39,-1.78,0.07
9,16,4,Horizontal Swing,-57.6,-139.5,-171.7,0.67,0.19,1.27
9,17,4,Horizontal Swing,-105.9,-121.7,109.1,0.06,-0.29,0.1
9,18,4,Horizontal Swing,31.4,-175.7,-128.3,-0.18,-0.86,-1.53
9,19,4,Horizontal Swing,-28.1,125.9,91.9,0.18,1.58,0.08
9,20,4,Horizontal Swing,-15.1,-174.0,139.3,-0.44,-0.29,0.34
9,21,4,Horizontal Swing,-80.4,22.5,-60.9,-1.62,-1.62,-1.33
9,22,4,Horizontal Swing,-32.5,125.1,102.2,1.71,-1.15,0.25
9,23,4,Horizontal Swing,39.6,-167.8,-122.5,-0.11,1.94,1.23
9,24,4,Horizontal Swing,7.1,34.1,-66.4,1.8,-1.84,-0.95
9,25,4,Horizontal Swing,-3.1,-164.3,-112.2,0.13,-1.56,1.0
9,26,4,Horizontal Swing,160.8,6.7,80.1,-0.81,-1.72,-0.3
9,27,4,Horizontal Swing,-49.3,83.0,-60.6,-1.4,0.51,-0.29
9,28,4,Horizontal Swing,53.5,-81.0,-73.1,-1.0,0.55,-0.17
9,29,4,Horizontal Swing,30.6,-136.7,161.8,0.89,-0.51,1.52
9,30,4,Horizontal Swing,49.7,-72.6,-80.9,-0.43,1.29,-0.21
9,31,4,Horizontal Swing,46.5,-59.8,28.2,1.29,-0.53,-0.98
9,32,4,Horizontal Swing,-23.7,25.4,-19.3,-1.51,0.63,-1.83
9,33,4,Horizontal Swing,-171.7,9.6,-55.4,-0.74,0.7,-0.49
9,34,4,Horizontal Swing,-5.9,-142.6,-114.1,1.18,-1.9,0.94
9,35,4,Horizontal Swing,-70.7,-45.4,84.1,-1.74,1.19,-0.3
9,36,4,Horizontal Swing,15.4,114.5,-153.6,1.49,0.4,0.8
9,37,4,Horizontal Swing,27.3,57.6,-49.3,-1.82,0.61,-0.52
9,38,4,Horizontal Swing,-59.4,173.4,-147.0,-0.85,1.42,-1.8
10,0,4,Horizontal Swing,54.7,57.3,55.3,0.34,-1.69,-1.17
10,1,4,Horizontal Swing,-36.1,131.4,137.9,-1.96,-0.89,0.98
10,2,4,Horizontal Swing,70.2,-134.5,-92.3,-1.97,-1.56,0.1
10,3,4,Horizontal Swing,-16.9,16.4,53.0,-1.12,-1.81,-1.36
10,4,4,Horizontal Swing,42.7,-99.7,113.8,-0.94,-0.55,0.24
10,5,4,Horizontal Swing,-58.6,-141.7,162.6,0.91,-0.52,1.65
10,6,4,Horizontal Swing,-14.3,63.8,88.4,1.39,-1.06,-0.03
10,7,4,Horizontal Swing,52.1,-51.3,-0.0,0.88,0.0,-1.07
10,8,4,Horizontal Swing,-2.6,26.2,-51.9,-1.3,1.36,-1.07
10,9,4,Horizontal Swing,51.9,-113.9,115.8,0.33,-0.31,0.15
10,10,4,Horizontal Swing,-40.8,-160.6,159.4,0.61,-1.05,-1.19
10,11,4,Horizontal Swing,-23.4,-43.3,-83.6,1.63,-1.82,-0.24
10,12,4,Horizontal Swing,-24.7,-132.8,-109.7,-1.54,-1.48,0.91
10,13,4,Horizontal Swing,23.3,112.0,-110.1,1.34,0.86,0.31
10,14,4,Horizontal Swing,19.2,42.1,85.0,1.33,1.52,-0.22
10,15,4,Horizontal Swing,-66.0,-121.5,104.6,-1.61,-1.64,0.43
10,16,4,Horizontal Swing,27.0,108.9,139.9,0.94,-0.58,0.7
10,17,4,Horizontal Swing,-23.4,166.2,122.6,-1.02,1.82,1.4
10,18,4,Horizontal Swing,19.9,19.4,78.5,1.95,-0.57,-0.93
10,19,4,Horizontal Swing,68.4,45.0,52.9,1.81,-1.41,-1.07
10,20,4,Horizontal Swing,-73.7,-25.3,-65.3,-0.12,0.57,-0.27
10,21,4,Horizontal Swing,12.8,140.6,-116.2,-1.77,1.48,0.72
10,22,4,Horizontal Swing,37.7,1.9,12.1,-0.53,-0.37,-1.7
10,23,4,Horizontal Swing,154.3,-8.0,-49.4,-0.37,0.59,-0.51
10,24,4,Horizontal Swing,-175.0,9.6,89.8,-0.54,-0.32,-0.01
10,25,4,Horizontal Swing,-23.1,141.9,103.7,1.65,1.78,0.54
10,26,4,Horizontal Swing,29.9,125.3,-96.1,0.59,2.0,0.21
10,27,4,Horizontal Swing,74.2,144.6,169.5,-1.1,-0.14,0.75
10,28,4,Horizontal Swing,-113.6,153.0,163.4,-0.93,-0.21,0.68
10,29,4,Horizontal Swing,20.9,-7.8,-77.5,-0.08,-0.33,-0.82
10,30,4,Horizontal Swing,-7.0,-58.4,-31.5,1.48,0.66,-1.09
10,31,4,Horizontal Swing,24.6,-42.7,77.2,1.64,1.63,-0.54
10,32,4,Horizontal Swing,4.2,154.9,92.7,1.57,0.06,0.18
10,33,4,Horizontal Swing,118.9,-24.7,-54.2,0.05,0.9,-0.66
10,34,4,Horizontal Swing,-6.4,-130.6,97.1,1.93,1.95,0.25
10,35,4,Horizontal Swing,-17.4,-42.4,71.0,0.66,-1.16,-0.4
11,0,5,Punch (forward thrust),-89.0,-35.1,1.5,-0.75,-0.71,-1.83
11,1,5,Punch (forward thrust),98.1,-116.2,168.0,0.68,-0.05,0.25
11,2,5,Punch (forward thrust),4.7,-177.9,103.4,0.28,0.84,0.75
11,3,5,Punch (forward thrust),-9.3,38.2,72.3,-1.41,-1.91,-0.61
11,4,5,Punch (forward thrust),-40.8,-133.2,-142.1,2.0,1.06,1.36
11,5,5,Punch (forward thrust),-53.3,101.8,-149.1,-1.42,0.17,0.28
11,6,5,Punch (forward thrust),-92.6,29.1,-52.9,-1.2,1.94,-1.47
11,7,5,Punch (forward thrust),-0.8,-16.7,-89.2,0.56,1.34,-0.02
11,8,5,Punch (forward thrust),-13.4,-151.9,102.2,1.05,-1.75,0.37
11,9,5,Punch (forward thrust),70.5,-126.7,-104.4,-1.84,1.5,0.38
11,10,5,Punch (forward thrust),14.2,120.2,96.5,1.28,-1.61,0.18
11,11,5,Punch (forward thrust),42.1,-159.8,140.8,0.73,-1.38,1.68
11,12,5,Punch (forward thrust),-55.6,-68.3,88.0,1.06,-0.45,-0.02
11,13,5,Punch (forward thrust),60.5,-166.9,177.7,0.47,-0.09,-1.57
11,14,5,Punch (forward thrust),-34.3,-5.0,-48.5,0.28,-0.72,1.1
11,15,5,Punch (forward thrust),25.8,-15.8,-79.8,0.39,-1.8,-0.4
11,16,5,Punch (forward thrust),-20.3,176.5,-98.6,-0.47,-0.45,0.53
11,17,5,Punch (forward thrust),162.9,-32.5,40.7,-0.15,-0.11,-0.14
11,18,5,Punch (forward thrust),-69.7,125.8,-154.4,1.79,0.6,1.25
11,19,5,Punch (forward thrust),20.3,-146.6,94.5,0.54,-1.25,0.1
11,20,5,Punch (forward thrust),58.8,99.5,94.9,1.64,-0.34,0.03
11,21,5,Punch (forward thrust),-5.4,165.7,-118.5,-0.84,1.92,1.04
11,22,5,Punch (forward thrust),22.3,136.0,-124.8,1.96,1.53,1.06
11,23,5,Punch (forward thrust),13.1,-156.3,-154.4,0.36,0.59,1.23
11,24,5,Punch (forward thrust),-5.4,-140.8,93.7,1.8,1.51,0.16
11,25,5,Punch (forward thrust),21.6,-7.3,68.1,0.33,0.22,-1.52
11,26,5,Punch (forward thrust),41.9,131.4,-149.4,1.68,0.95,1.61
11,27,5,Punch (forward thrust),-11.5,14.7,77.4,-0.88,1.42,-0.58
11,28,5,Punch (forward thrust),-63.9,135.5,153.3,-1.04,-0.4,0.78
11,29,5,Punch (forward thrust),122.8,19.2,45.7,-0.39,-0.43,-0.42
11,30,5,Punch (forward thrust),77.9,-13.5,-35.5,0.33,1.28,-1.8
11,31,5,Punch (forward thrust),25.1,-128.6,101.7,0.6,-0.62,0.13
11,32,5,Punch (forward thrust),-70.1,46.4,-77.1,1.85,1.81,-0.41
11,33,5,Punch (forward thrust),37.4,-70.2,55.4,-1.48,-0.81,-0.56
11,34,5,Punch (forward thrust),-25.5,30.8,64.8,1.26,0.16,-1.81
11,35,5,Punch (forward thrust),0.8,-151.8,120.7,1.1,1.88,1.25
11,36,5,Punch (forward thrust),-35.7,-114.3,-96.7,-1.41,1.25,0.15
11,37,5,Punch (forward thrust),-31.7,168.0,-168.8,-0.41,0.21,1.05
11,38,5,Punch (forward thrust),-16.0,36.5,50.0,-0.91,-0.75,-0.63
11,39,5,Punch (forward thrust),-60.8,147.1,-93.1,1.89,-1.03,0.16
12,0,5,Punch (forward thrust),-35.7,-6.8,26.2,0.38,-1.24,1.49
12,1,5,Punch (forward thrust),56.2,143.8,116.5,-1.86,1.67,1.16
12,2,5,Punch (forward thrust),11.6,0.8,-1.0,0.03,0.02,-1.16
12,3,5,Punch (forward thrust),-75.0,-128.8,120.4,1.99,-1.35,0.79
12,4,5,Punch (forward thrust),0.8,21.2,87.8,-1.55,-0.1,-0.16
12,5,5,Punch (forward thrust),-61.2,30.9,-27.1,-0.82,0.66,-1.29
12,6,5,Punch (forward thrust),156.3,-14.3,-69.3,0.39,1.26,-0.48
12,7,5,Punch (forward thrust),23.8,-52.2,-80.2,-1.94,1.54,-0.27
12,8,5,Punch (forward thrust),60.7,-109.7,-147.0,1.14,0.21,0.33
12,9,5,Punch (forward thrust),-90.6,134.3,-101.6,-0.94,0.95,0.19
12,10,5,Punch (forward thrust),-39.3,-128.5,-134.5,-1.21,1.55,1.52
12,11,5,Punch (forward thrust),-55.6,-95.8,132.6,-1.99,-0.15,0.13
12,12,5,Punch (forward thrust),-43.2,130.5,-154.2,1.14,1.08,-1.76
12,13,5,Punch (forward thrust),16.2,30.1,-70.2,-1.45,-1.56,-0.88
12,14,5,Punch (forward thrust),-32.1,-176.2,144.8,0.23,-1.56,-1.79
12,15,5,Punch (forward thrust),-67.2,56.5,-9.1,-1.27,0.14,-0.84
12,16,5,Punch (forward thrust),-32.0,-72.5,-55.1,-1.24,0.72,-0.5
12,17,5,Punch (forward thrust),-55.6,-4.4,68.1,0.24,0.85,-1.27
12,18,5,Punch (forward thrust),53.3,107.9,161.1,1.61,-0.23,0.67
12,19,5,Punch (forward thrust),162.8,-1.2,66.0,-0.18,-0.17,-0.08
12,20,5,Punch (forward thrust),24.2,-83.8,23.3,1.62,-0.07,-0.19
12,21,5,Punch (forward thrust),58.3,-157.1,155.1,0.5,-0.7,1.51
12,22,5,Punch (forward thrust),-93.6,19.5,17.2,-0.73,-0.36,-1.18
12,23,5,Punch (forward thrust),14.8,156.2,-97.1,-1.08,1.76,0.21
12,24,5,Punch (forward thrust),5.5,170.5,-113.4,-0.71,-1.84,0.93
12,25,5,Punch (forward thrust),38.8,-68.2,55.5,-0.19,-1.36,-0.94
12,26,5,Punch (forward thrust),-27.3,-13.5,80.3,-0.15,-0.82,-0.14
12,27,5,Punch (forward thrust),-68.0,-36.8,0.2,0.76,-0.0,-1.48
12,28,5,Punch (forward thrust),14.7,-168.3,103.9,-0.2,-0.72,0.18
12,29,5,Punch (forward thrust),-134.9,178.5,-147.1,-0.4,0.62,0.96
12,30,5,Punch (forward thrust),136.2,-177.9,-118.9,-0.27,-1.6,1.32
12,31,5,Punch (forward thrust),15.2,172.4,-130.6,-0.62,1.4,1.2
12,32,5,Punch (forward thrust),-73.8,126.7,-135.2,1.73,1.0,1.0
12,33,5,Punch (forward thrust),48.6,37.2,4.4,1.63,-0.2,1.38
12,34,5,Punch (forward thrust),-16.9,153.4,137.2,-0.78,-0.55,0.59
12,35,5,Punch (forward thrust),37.2,175.5,133.5,-0.69,1.0,-1.16
12,36,5,Punch (forward thrust),54.6,-177.5,-133.3,-0.3,0.86,0.81
12,37,5,Punch (forward thrust),-0.6,140.5,-90.0,1.34,-1.2,0.0
12,38,5,Punch (forward thrust),66.5,-59.9,-24.9,0.25,0.15,-0.32
12,39,5,Punch (forward thrust),-16.0,-70.1,34.9,-1.76,-0.54,-0.77
12,40,5,Punch (forward thrust),-87.3,113.6,-169.1,-0.89,0.04,0.23
12,41,5,Punch (forward thrust),69.0,9.6,-49.8,-0.58,1.02,-0.87
12,42,5,Punch (forward thrust),56.4,-105.0,-108.2,0.06,1.12,0.37
12,43,5,Punch (forward thrust),8.5,-169.1,100.5,-0.15,-1.26,0.23
12,44,5,Punch (forward thrust),5.2,17.3,-74.2,-0.54,0.46,-0.13
12,45,5,Punch (forward thrust),-54.4,-105.2,119.6,-0.15,-1.0,0.57
12,46,5,Punch (forward thrust),21.8,-15.8,64.0,0.09,-1.45,-0.7
12,47,5,Punch (forward thrust),-144.5,-17.7,-71.8,-0.13,0.71,-0.23
12,48,5,Punch (forward thrust),19.5,34.9,-82.3,-1.36,1.41,-0.19
12,49,5,Punch (forward thrust),13.0,8.5,-80.7,-0.63,1.71,-0.28
12,50,5,Punch (forward thrust),-10.5,-1.1,80.4,-0.26,-1.01,-0.85
12,51,5,Punch (forward thrust),-14.7,136.8,138.9,-1.53,-0.82,0.94
12,52,5,Punch (forward thrust),-20.7,-166.8,169.2,0.07,-0.34,1.78
13,0,5,Punch (forward thrust),-18.4,123.3,115.0,1.49,-1.5,0.7
13,1,5,Punch (forward thrust),85.1,156.1,154.3,-0.71,-0.68,1.42
13,2,5,Punch (forward thrust),-23.7,25.0,-56.8,-1.17,-1.92,-1.36
13,3,5,Punch (forward thrust),130.7,15.5,72.7,-0.61,1.92,-0.65
13,4,5,Punch (forward thrust),57.3,82.2,67.4,1.9,-0.26,-0.11
13,5,5,Punch (forward thrust),-54.5,-19.8,-54.5,0.49,1.14,-0.81
13,6,5,Punch (forward thrust),45.9,125.8,-151.8,1.14,0.97,1.81
13,7,5,Punch (forward thrust),-38.5,-92.3,143.6,0.33,-0.1,0.14
13,8,5,Punch (forward thrust),43.3,-37.0,25.5,0.66,-0.39,-0.81
13,9,5,Punch (forward thrust),39.2,-10.8,8.4,0.38,-0.31,1.92
13,10,5,Punch (forward thrust),35.3,-172.2,130.5,0.57,0.71,-1.19
13,11,5,Punch (forward thrust),-35.0,-66.1,-69.1,-0.14,1.6,-0.61
13,12,5,Punch (forward thrust),-24.0,-78.7,-52.7,0.99,0.18,-0.14
13,13,5,Punch (forward thrust),-11.6,-145.2,108.7,0.81,-1.3,0.43
13,14,5,Punch (forward thrust),73.7,130.1,94.5,1.06,1.67,0.18
13,15,5,Punch (forward thrust),-44.2,-114.9,-116.1,0.71,0.43,0.2
13,16,5,Punch (forward thrust),11.3,37.1,-72.7,-1.82,1.9,-0.59
13,17,5,Punch (forward thrust),-22.9,-3.5,50.7,-0.27,-0.83,-0.7
13,18,5,Punch (forward thrust),-33.0,70.5,82.2,0.27,-1.17,-0.17
13,19,5,Punch (forward thrust),46.6,-66.5,3.6,0.36,-0.13,1.94
13,20,5,Punch (forward thrust),15.9,-105.5,-119.7,-1.8,0.62,0.35
13,21,5,Punch (forward thrust),-55.4,148.3,-125.6,1.68,-1.45,1.82
13,22,5,Punch (forward thrust),34.6,-55.0,61.6,-1.98,-1.48,-0.8
13,23,5,Punch (forward thrust),30.9,-125.1,114.8,-0.41,1.46,1.17
13,24,5,Punch (forward thrust),-65.0,-55.6,20.7,1.64,-0.49,-1.3
13,25,5,Punch (forward thrust),-41.5,107.8,111.1,1.16,-0.74,0.28
13,26,5,Punch (forward thrust),79.3,-4.5,-37.9,-0.21,1.35,-1.74
13,27,5,Punch (forward thrust),-40.2,9.1,77.2,-0.6,-1.33,-0.3
13,28,5,Punch (forward thrust),-1.4,18.4,84.2,-0.81,-1.29,-0.13
13,29,5,Punch (forward thrust),-98.7,-151.0,97.3,0.64,-1.78,0.23
13,30,5,Punch (forward thrust),108.1,-13.2,-85.3,0.25,-1.44,-0.21
13,31,5,Punch (forward thrust),-55.2,-5.6,52.2,-0.1,1.99,-1.56
13,32,5,Punch (forward thrust),-14.4,131.1,123.1,1.47,-1.6,1.04
13,33,5,Punch (forward thrust),-71.1,-49.1,19.1,1.53,-0.56,-1.59
13,34,5,Punch (forward thrust),-38.0,29.7,54.3,-1.68,-1.79,-1.28
13,35,5,Punch (forward thrust),-46.9,163.4,-175.9,-1.16,0.17,-1.56
13,36,5,Punch (forward thrust),48.7,-32.0,-53.2,1.41,-1.61,-1.79
13,37,5,Punch (forward thrust),-39.8,55.6,-30.3,1.19,0.81,-1.39
13,38,5,Punch (forward thrust),-54.6,108.1,-101.0,1.04,0.8,0.16
13,39,5,Punch (forward thrust),-15.9,-167.8,-113.2,0.13,-1.56,1.05
13,40,5,Punch (forward thrust),-44.6,83.9,-35.9,0.99,0.16,-0.22
13,41,5,Punch (forward thrust),-63.1,111.1,-139.2,1.72,0.47,0.54
13,42,5,Punch (forward thrust),-57.9,-9.6,18.8,-0.11,-0.62,-1.83
13,43,5,Punch (forward thrust),14.0,11.2,77.4,-0.73,-1.53,-0.34
13,44,5,Punch (forward thrust),37.7,129.2,115.1,1.21,-1.76,0.82
13,45,5,Punch (forward thrust),-80.1,32.3,-70.1,-1.71,1.94,-0.7
13,46,5,Punch (forward thrust),15.4,-7.1,68.4,-0.11,1.77,-0.88
14,0,5,Punch (forward thrust),-40.7,117.9,137.9,1.2,-0.94,1.04
14,1,5,Punch (forward thrust),-40.3,25.2,-75.2,-1.2,-1.84,-0.57
14,2,5,Punch (forward thrust),53.5,164.1,-171.8,-0.9,0.37,-1.41
14,3,5,Punch (forward thrust),38.6,135.2,-160.0,-1.18,0.36,0.97
14,4,5,Punch (forward thrust),-38.5,-27.4,44.8,1.23,-1.89,-1.9
14,5,5,Punch (forward thrust),-38.0,-149.1,-127.3,0.69,1.12,0.85
14,6,5,Punch (forward thrust),38.9,116.1,-139.4,-0.14,1.27,1.48
14,7,5,Punch (forward thrust),47.1,73.0,34.2,-0.64,-0.77,-1.13
14,8,5,Punch (forward thrust),144.0,168.6,162.6,-0.33,-0.25,0.79
14,9,5,Punch (forward thrust),6.3,35.1,-76.1,-1.44,1.77,-0.44
14,10,5,Punch (forward thrust),-50.0,39.2,12.7,-1.95,-0.48,1.86
14,11,5,Punch (forward thrust),-133.4,31.7,-75.9,-0.59,0.51,-0.13
14,12,5,Punch (forward thrust),17.1,-19.7,40.1,0.52,-1.42,-1.7
14,13,5,Punch (forward thrust),-1.8,111.7,171.2,1.2,-0.15,0.98
14,14,5,Punch (forward thrust),51.3,76.0,-40.8,-1.68,0.23,-0.26
14,15,5,Punch (forward thrust),60.6,-111.1,-99.5,-1.29,1.21,0.2
14,16,5,Punch (forward thrust),98.9,-22.0,-62.9,0.44,1.96,-1.0
14,17,5,Punch (forward thrust),-57.1,165.4,-100.3,-1.26,-0.95,0.55
14,18,5,Punch (forward thrust),11.1,15.0,-0.7,-0.99,0.03,-1.96
14,19,5,Punch (forward thrust),47.1,-105.9,155.1,-1.94,-0.3,0.65
14,20,5,Punch (forward thrust),18.0,25.4,-74.8,1.67,-0.21,-1.03
14,21,5,Punch (forward thrust),-167.6,-3.0,89.1,-0.36,1.92,-0.03
14,22,5,Punch (forward thrust),57.4,162.4,-160.4,-1.16,0.73,-1.96
14,23,5,Punch (forward thrust),2.1,-11.1,72.3,-0.33,-0.66,-0.21
14,24,5,Punch (forward thrust),9.1,122.7,-160.4,1.29,0.48,1.35
14,25,5,Punch (forward thrust),2.8,104.6,102.0,1.35,-0.55,0.12
14,26,5,Punch (forward thrust),64.3,43.3,-6.6,1.95,0.19,-1.65
14,27,5,Punch (forward thrust),69.3,-11.7,60.4,-0.01,-1.99,-1.13
14,28,5,Punch (forward thrust),-46.6,104.5,96.7,-1.88,-0.36,0.04
14,29,5,Punch (forward thrust),9.7,-2.7,-83.8,-0.36,-1.52,-0.27
14,30,5,Punch (forward thrust),-90.2,-49.8,88.3,0.59,-0.9,-0.03
14,31,5,Punch (forward thrust),-45.2,22.9,51.8,-0.73,-0.48,-0.38
14,32,5,Punch (forward thrust),55.4,112.4,151.1,1.58,-0.39,0.7
14,33,5,Punch (forward thrust),24.8,153.3,103.8,1.0,-0.93,1.21
14,34,5,Punch (forward thrust),73.6,-154.8,-128.1,0.28,1.22,0.95
14,35,5,Punch (forward thrust),9.0,27.3,21.4,-1.18,-0.52,-1.32
14,36,5,Punch (forward thrust),-32.7,71.5,77.8,1.17,-0.78,-0.17
14,37,5,Punch (forward thrust),-113.2,146.2,-133.6,-1.42,1.02,0.98
14,38,5,Punch (forward thrust),26.9,-133.2,107.1,-1.07,0.94,0.94
14,39,5,Punch (forward thrust),31.5,-104.9,101.1,1.93,-0.63,0.12
15,0,5,Punch (forward thrust),-12.8,137.6,-169.7,-1.74,0.28,1.57
15,1,5,Punch (forward thrust),-66.7,-121.6,100.9,1.94,-1.35,0.26
15,2,5,Punch (forward thrust),-73.0,-38.1,11.7,0.41,-0.18,-0.88
15,3,5,Punch (forward thrust),-32.3,86.5,-31.2,1.49,0.07,-0.12
15,4,5,Punch (forward thrust),-60.0,-52.3,53.8,-1.76,-1.58,-1.16
15,5,5,Punch (forward thrust),-48.4,-33.6,6.0,1.8,-0.33,0.86
15,6,5,Punch (forward thrust),9.1,137.8,-111.8,-1.44,1.18,0.47
15,7,5,Punch (forward thrust),51.2,4.2,-41.6,-0.39,0.88,-0.99
15,8,5,Punch (forward thrust),-77.6,-54.1,48.0,1.21,-0.81,-0.73
15,9,5,Punch (forward thrust),-11.5,12.5,3.4,-0.69,-0.11,-1.78
15,10,5,Punch (forward thrust),-30.9,-110.9,-111.1,-1.5,1.0,0.38
15,11,5,Punch (forward thrust),34.2,-47.2,36.7,-1.76,-1.4,-1.88
15,12,5,Punch (forward thrust),55.1,-129.4,-155.7,-1.06,1.1,-1.57
15,13,5,Punch (forward thrust),-21.5,-164.9,-125.1,0.18,1.49,1.05
15,14,5,Punch (forward thrust),-61.6,-5.2,-4.6,-0.12,0.17,1.92
15,15,5,Punch (forward thrust),-37.0,-152.4,120.9,1.63,0.69,1.98
15,16,5,Punch (forward thrust),47.3,100.5,-171.2,-1.85,0.16,1.0
15,17,5,Punch (forward thrust),-61.7,55.5,-58.8,-1.66,0.75,-0.45
15,18,5,Punch (forward thrust),44.2,-136.0,-166.1,1.33,0.46,1.85
15,19,5,Punch (forward thrust),50.8,100.8,137.1,-1.74,-0.67,0.72
15,20,5,Punch (forward thrust),-31.4,-36.7,-47.8,0.97,1.49,-1.36
15,21,5,Punch (forward thrust),-7.0,101.4,102.0,1.68,-0.35,0.07
15,22,5,Punch (forward thrust),-39.8,-124.7,148.8,1.18,-0.61,1.02
15,23,5,Punch (forward thrust),0.1,-131.8,139.6,0.99,-0.88,1.05
15,24,5,Punch (forward thrust),-57.2,-64.6,-59.4,0.11,0.27,-0.16
15,25,5,Punch (forward thrust),-74.9,-36.6,63.7,1.26,1.8,-1.09
15,26,5,Punch (forward thrust),68.1,-178.7,-101.4,-0.5,-1.16,0.57
15,27,5,Punch (forward thrust),-7.7,9.2,82.9,-1.11,0.59,-0.43
15,28,5,Punch (forward thrust),112.1,127.5,116.2,-1.19,-0.43,0.21
15,29,5,Punch (forward thrust),-25.7,-58.8,-74.7,-0.72,-1.76,-0.61
15,30,5,Punch (forward thrust),-20.9,179.2,-116.7,-0.55,0.55,0.28
15,31,5,Punch (forward thrust),23.9,-115.0,168.6,0.42,-0.09,0.44
15,32,5,Punch (forward thrust),-41.7,85.2,-60.5,1.63,0.13,-0.08
15,33,5,Punch (forward thrust),60.4,-131.0,177.1,1.52,-0.09,1.78
15,34,5,Punch (forward thrust),-65.4,-26.3,-15.8,0.36,0.49,-1.75
15,35,5,Punch (forward thrust),-37.7,-63.6,-55.0,1.39,0.78,-0.55
15,36,5,Punch (forward thrust),50.9,116.5,-175.8,-1.03,0.01,0.24
15,37,5,Punch (forward thrust),7.2,-167.4,-100.5,-0.26,1.27,0.23
15,38,5,Punch (forward thrust),57.8,-60.7,-27.8,-1.11,0.9,-1.72
15,39,5,Punch (forward thrust),-0.9,10.3,82.7,-1.11,0.93,-0.39
15,40,5,Punch (forward thrust),94.4,5.0,29.5,-0.75,-1.14,1.98
15,41,5,Punch (forward thrust),1.9,-144.0,-90.6,1.81,-0.76,0.04
15,42,5,Punch (forward thrust),44.3,-173.0,-125.8,-0.13,-1.24,1.99
15,43,5,Punch (forward thrust),53.7,-76.8,-45.4,0.17,0.79,-0.78
15,44,5,Punch (forward thrust),-1.1,-178.2,90.9,-0.39,-0.67,0.07
16,0,0,Raise hand and hold,-23.6,-108.6,130.0,1.57,-0.54,0.45
16,1,0,Raise hand and hold,85.8,42.2,10.9,-1.89,-0.28,-1.47
16,2,0,Raise hand and hold,-50.2,75.2,-15.6,1.96,0.39,-1.4
16,3,0,Raise hand and hold,165.2,16.5,-36.6,-1.02,0.99,-1.33
16,4,0,Raise hand and hold,-21.1,116.3,155.5,1.45,-0.41,0.91
16,5,0,Raise hand and hold,44.4,-26.3,-68.8,-0.05,0.91,-0.35
16,6,0,Raise hand and hold,-62.7,132.6,-130.3,0.5,-1.91,1.77
16,7,0,Raise hand and hold,44.2,77.7,-89.3,1.14,0.51,-0.01
16,8,0,Raise hand and hold,-64.1,67.3,-49.7,1.54,0.61,-0.52
16,9,0,Raise hand and hold,-47.5,-12.3,-1.7,0.12,0.09,0.9
16,10,0,Raise hand and hold,-44.0,68.4,37.7,1.57,-0.45,-0.59
16,11,0,Raise hand and hold,42.0,-167.2,-105.3,-0.29,1.61,0.43
16,12,0,Raise hand and hold,-21.3,25.7,57.0,-1.22,-0.95,-0.63
16,13,0,Raise hand and hold,51.6,-10.9,-33.7,0.04,-1.91,0.88
16,14,0,Raise hand and hold,-150.6,-150.5,179.5,-0.18,0.0,0.91
16,15,0,Raise hand and hold,98.2,34.0,66.3,-1.95,-1.53,-0.69
16,16,0,Raise hand and hold,26.2,-53.8,72.8,-1.88,1.95,-0.65
16,17,0,Raise hand and hold,-62.2,-55.0,88.5,0.87,-1.18,-0.04
16,18,0,Raise hand and hold,-34.8,137.6,143.1,0.85,-1.51,-1.99
16,19,0,Raise hand and hold,50.5,-145.6,-117.4,-0.12,0.95,0.48
16,20,0,Raise hand and hold,39.0,-38.6,-34.2,0.79,1.15,-1.69
16,21,0,Raise hand and hold,-64.2,-119.5,154.2,1.14,-0.48,1.0
16,22,0,Raise hand and hold,-27.1,164.5,-125.9,-1.57,-1.56,1.76
16,23,0,Raise hand and hold,29.0,-51.7,75.4,-1.85,1.8,-0.57
16,24,0,Raise hand and hold,34.1,156.3,-164.1,-1.59,0.55,1.91
16,25,0,Raise hand and hold,-74.9,126.0,-110.1,-1.81,0.75,0.27
16,26,0,Raise hand and hold,29.9,110.8,-145.5,-1.87,0.25,0.36
16,27,0,Raise hand and hold,136.9,-174.1,-92.5,-0.54,1.72,0.07
16,28,0,Raise hand and hold,64.2,-121.5,-106.8,-1.73,1.75,0.53
16,29,0,Raise hand and hold,9.7,176.1,104.7,-0.93,1.07,0.77
16,30,0,Raise hand and hold,91.3,-37.1,-80.2,0.59,1.7,-0.29
16,31,0,Raise hand and hold,-29.3,-148.1,-162.4,0.65,0.67,-1.89
16,32,0,Raise hand and hold,53.2,103.8,90.2,0.84,-0.6,0.0
16,33,0,Raise hand and hold,77.8,-166.0,176.5,-0.31,-0.1,1.66
16,34,0,Raise hand and hold,-51.3,78.1,-79.8,-0.41,0.76,-0.14
16,35,0,Raise hand and hold,143.9,-5.4,-85.3,-0.38,-0.39,-0.3
16,36,0,Raise hand and hold,59.4,-111.5,-125.2,-0.83,1.26,0.89
16,37,0,Raise hand and hold,-39.5,-110.2,-127.0,0.61,1.56,1.18
16,38,0,Raise hand and hold,-43.6,-165.7,-122.3,0.1,-1.29,1.71
16,39,0,Raise hand and hold,-15.5,176.3,105.1,-1.12,-1.98,1.62
16,40,0,Raise hand and hold,94.9,-145.7,-163.8,0.57,0.52,1.81
16,41,0,Raise hand and hold,-56.6,52.2,-81.2,-0.27,-1.28,-0.42
16,42,0,Raise hand and hold,-69.5,150.6,170.4,-1.99,-0.38,-1.76
16,43,0,Raise hand and hold,-72.7,40.7,-88.9,0.58,-0.85,-0.06
16,44,0,Raise hand and hold,-23.4,127.6,-123.7,0.91,1.53,1.02
16,45,0,Raise hand and hold,77.2,139.2,95.9,0.35,0.61,0.35
16,46,0,Raise hand and hold,58.9,-121.8,-107.7,-1.68,1.79,0.57
16,47,0,Raise hand and hold,63.5,158.9,153.0,-1.86,-1.36,-1.32
16,48,0,Raise hand and hold,54.4,115.0,156.3,-1.03,-0.81,1.85
17,0,0,Raise hand and hold,-59.0,-17.8,55.2,0.17,-1.91,-1.33
17,1,0,Raise hand and hold,37.1,49.2,-42.5,-0.31,-1.82,1.62
17,2,0,Raise hand and hold,-134.4,-171.8,-141.4,-0.41,0.69,0.87
17,3,0,Raise hand and hold,-43.3,-124.6,-146.1,0.1,0.26,0.39
17,4,0,Raise hand and hold,-17.5,167.4,-114.9,-1.33,-0.94,1.42
17,5,0,Raise hand and hold,-78.7,32.3,-87.1,1.46,-0.89,-0.16
17,6,0,Raise hand and hold,37.0,-165.8,-98.7,0.06,-1.55,0.38
17,7,0,Raise hand and hold,5.4,179.8,-97.7,-0.58,-0.77,0.44
17,8,0,Raise hand and hold,29.4,-175.5,120.3,-0.24,0.07,-1.7
17,9,0,Raise hand and hold,82.6,123.5,141.6,-1.72,-0.46,0.58
17,10,0,Raise hand and hold,32.0,7.4,23.9,-0.97,-1.12,1.47
17,11,0,Raise hand and hold,41.9,-42.8,-77.0,1.01,1.94,-0.46
17,12,0,Raise hand and hold,-13.1,78.7,-89.1,1.34,0.38,-0.02
17,13,0,Raise hand and hold,-9.9,-20.7,-89.9,-0.45,1.07,-0.01
17,14,0,Raise hand and hold,-35.4,113.7,-157.7,0.13,0.51,1.2
17,15,0,Raise hand and hold,-51.3,125.7,-167.8,-0.39,0.54,-1.55
17,16,0,Raise hand and hold,5.9,22.8,-32.6,-1.26,0.48,-0.74
17,17,0,Raise hand and hold,-32.0,54.6,63.8,0.39,-1.72,-0.85
17,18,0,Raise hand and hold,64.9,-52.5,-89.3,1.74,1.99,-0.03
17,19,0,Raise hand and hold,38.2,33.1,67.8,1.42,1.52,-1.01
17,20,0,Raise hand and hold,74.6,-137.1,-169.8,0.72,0.3,1.65
17,21,0,Raise hand and hold,28.5,-139.3,-93.9,1.19,-1.66,0.16
17,22,0,Raise hand and hold,17.2,-173.4,131.2,-0.64,-0.82,0.71
17,23,0,Raise hand and hold,-7.3,-36.4,80.7,1.8,0.57,-0.56
17,24,0,Raise hand and hold,54.8,-114.4,-152.7,-1.05,0.77,1.49
17,25,0,Raise hand and hold,-23.5,-137.7,-96.3,1.3,-1.8,0.24
17,26,0,Raise hand and hold,-10.9,-109.1,-102.7,0.83,0.52,0.12
17,27,0,Raise hand and hold,-79.0,-41.7,85.8,1.05,-1.97,-0.14
17,28,0,Raise hand and hold,-11.0,-7.7,5.2,-0.54,-0.11,-1.21
17,29,0,Raise hand and hold,-13.3,-175.3,103.5,-0.4,0.32,0.88
17,30,0,Raise hand and hold,44.0,107.4,-140.8,-0.12,0.67,0.82
17,31,0,Raise hand and hold,46.0,106.8,139.7,-0.7,-0.78,0.92
17,32,0,Raise hand and hold,-1.1,83.9,35.6,1.74,-0.1,-0.13
17,33,0,Raise hand and hold,109.1,152.6,96.9,-1.55,-1.59,0.19
17,34,0,Raise hand and hold,10.2,-111.1,127.7,1.2,-0.59,0.45
17,35,0,Raise hand and hold,44.9,-128.8,-138.1,0.78,0.8,0.9
17,36,0,Raise hand and hold,-47.4,-162.0,-164.7,0.52,1.01,-0.32
17,37,0,Raise hand and hold,-78.6,151.0,-115.6,1.56,-1.21,1.34
17,38,0,Raise hand and hold,34.9,-105.8,163.5,-1.45,-0.26,0.89
17,39,0,Raise hand and hold,-29.6,-176.0,-116.3,-0.38,0.2,-1.92
17,40,0,Raise hand and hold,-43.7,-153.0,109.4,1.78,-0.61,1.62
17,41,0,Raise hand and hold,51.3,-121.6,176.0,1.67,-0.1,1.47
17,42,0,Raise hand and hold,-79.1,154.9,-123.1,1.91,-1.52,1.61
17,43,0,Raise hand and hold,-72.5,-177.4,-177.8,-0.59,0.1,-1.41
17,44,0,Raise hand and hold,24.6,-121.7,145.5,1.76,-0.86,1.26
17,45,0,Raise hand and hold,-21.2,44.8,-85.5,0.15,-0.85,-0.25
18,0,0,Raise hand and hold,46.8,61.7,-20.6,-0.06,0.65,-1.73
18,1,0,Raise hand and hold,22.3,13.4,-20.0,-1.01,0.55,-1.51
18,2,0,Raise hand and hold,-23.7,-22.2,-63.3,1.21,0.03,1.97
18,3,0,Raise hand and hold,-50.0,56.8,-43.4,-0.03,1.53,-1.62
18,4,0,Raise hand and hold,-46.6,-9.6,-33.7,-0.53,0.32,-0.48
18,5,0,Raise hand and hold,-22.7,168.3,169.7,-1.08,-0.38,-1.9
18,6,0,Raise hand and hold,-44.5,-20.1,-16.1,0.33,0.74,1.44
18,7,0,Raise hand and hold,-31.4,73.1,64.0,0.12,-0.88,-0.43
18,8,0,Raise hand and hold,-37.8,-131.6,142.3,0.84,-0.83,1.08
18,9,0,Raise hand and hold,-49.2,-19.7,51.3,0.07,-1.67,-1.35
18,10,0,Raise hand and hold,81.4,144.5,127.1,1.81,-1.65,1.25
18,11,0,Raise hand and hold,-32.6,-138.4,148.9,0.93,-0.99,1.65
18,12,0,Raise hand and hold,55.0,-152.0,-176.7,0.26,0.12,1.99
18,13,0,Raise hand and hold,-43.1,-47.8,53.4,-1.57,1.64,-1.76
18,14,0,Raise hand and hold,-27.1,1.1,61.8,-0.92,-0.67,1.49
18,15,0,Raise hand and hold,56.3,126.5,97.1,0.26,1.91,0.25
18,16,0,Raise hand and hold,-4.4,1.2,-51.6,-0.91,1.62,-1.28
18,17,0,Raise hand and hold,-27.3,-154.8,-120.2,-0.35,0.95,0.54
18,18,0,Raise hand and hold,-68.0,111.4,-162.0,-1.92,0.14,0.43
18,19,0,Raise hand and hold,-45.2,-18.3,19.1,0.34,-1.09,0.83
18,20,0,Raise hand and hold,51.7,-23.5,58.6,-0.0,-1.47,-0.9
18,21,0,Raise hand and hold,-42.6,-113.6,-169.3,1.38,0.18,0.91
18,22,0,Raise hand and hold,-15.7,3.5,-62.1,-0.89,-1.49,-1.33
18,23,0,Raise hand and hold,25.5,-47.4,65.6,1.45,-1.81,-0.82
18,24,0,Raise hand and hold,-45.9,30.5,-68.3,-1.86,1.82,-0.73
18,25,0,Raise hand and hold,20.7,149.2,-111.4,-1.58,1.4,0.55
18,26,0,Raise hand and hold,26.6,15.3,31.9,-0.97,-0.57,-0.91
18,27,0,Raise hand and hold,67.6,-36.8,-70.5,0.59,1.6,-0.57
18,28,0,Raise hand and hold,-44.8,-163.1,133.5,-0.27,-0.98,0.93
18,29,0,Raise hand and hold,24.0,-141.6,108.2,1.63,1.21,0.92
18,30,0,Raise hand and hold,-52.2,79.1,9.9,1.75,-0.05,-0.3
18,31,0,Raise hand and hold,-21.2,148.6,106.7,-1.93,-1.94,0.58
18,32,0,Raise hand and hold,46.8,-23.8,-6.4,0.39,0.28,1.53
18,33,0,Raise hand and hold,42.8,-10.4,55.1,-0.09,1.26,-1.91
18,34,0,Raise hand and hold,9.9,-166.7,97.8,0.02,0.94,0.42
18,35,0,Raise hand and hold,20.5,-149.4,107.4,1.59,0.29,1.16
18,36,0,Raise hand and hold,63.0,139.0,122.1,0.45,1.24,1.73
18,37,0,Raise hand and hold,25.8,121.6,-112.3,-0.25,-1.99,0.82
18,38,0,Raise hand and hold,105.9,-152.8,-159.9,0.29,0.67,1.84
18,39,0,Raise hand and hold,72.9,165.5,179.6,-1.36,-0.02,-1.51
19,0,0,Raise hand and hold,12.0,-110.5,125.7,1.55,-0.66,0.48
19,1,0,Raise hand and hold,18.8,28.9,42.3,-1.87,-1.49,-1.64
19,2,0,Raise hand and hold,-101.6,-173.2,96.6,-0.21,0.35,0.42
19,3,0,Raise hand and hold,13.3,44.3,-64.7,1.66,1.57,-0.74
19,4,0,Raise hand and hold,25.4,179.7,-130.6,-0.66,1.5,1.29
19,5,0,Raise hand and hold,178.0,170.7,-113.1,-1.0,1.96,0.83
19,6,0,Raise hand and hold,35.6,141.6,-129.2,0.85,-1.55,1.99
19,7,0,Raise hand and hold,-55.1,29.6,-0.7,-1.88,0.03,1.84
19,8,0,Raise hand and hold,-30.2,-60.3,-58.5,1.74,1.16,-0.71
19,9,0,Raise hand and hold,52.2,-124.1,-133.8,1.0,0.81,0.77
19,10,0,Raise hand and hold,64.0,-62.1,-63.3,1.41,0.98,-0.49
19,11,0,Raise hand and hold,-12.5,25.8,88.2,-1.92,1.47,-0.08
19,12,0,Raise hand and hold,25.9,-127.0,119.2,1.4,-1.38,0.77
19,13,0,Raise hand and hold,-9.0,146.8,91.1,1.66,1.5,0.04
19,14,0,Raise hand and hold,17.7,155.5,-128.3,-1.22,0.87,0.68
19,15,0,Raise hand and hold,39.1,-56.3,53.5,0.89,-0.91,-0.69
19,16,0,Raise hand and hold,-25.9,-120.4,94.1,0.87,-0.99,0.06
19,17,0,Raise hand and hold,-0.7,-171.8,141.8,-0.53,-1.32,1.68
19,18,0,Raise hand and hold,-84.2,-152.2,132.3,-0.19,-0.92,0.84
19,19,0,Raise hand and hold,29.4,151.0,137.7,1.75,-1.63,1.8
19,20,0,Raise hand and hold,-48.6,-43.1,36.8,0.07,-0.6,-0.83
19,21,0,Raise hand and hold,-51.1,-50.8,66.7,1.8,2.0,-0.87
19,22,0,Raise hand and hold,71.0,-0.4,19.4,-0.77,-0.72,1.93
19,23,0,Raise hand and hold,-35.4,-47.4,-55.0,1.3,1.58,-1.1
19,24,0,Raise hand and hold,-36.9,-67.1,-68.8,-1.34,1.36,-0.53
19,25,0,Raise hand and hold,-55.4,112.6,-125.7,0.62,0.9,0.65
19,26,0,Raise hand and hold,61.1,-62.1,-22.3,1.03,0.35,-0.85
19,27,0,Raise hand and hold,17.9,41.5,-69.3,1.49,1.92,-0.72
19,28,0,Raise hand and hold,138.1,-173.4,142.6,-0.49,-1.11,1.45
19,29,0,Raise hand and hold,44.5,-130.7,142.6,1.13,-0.95,1.24
19,30,0,Raise hand and hold,36.2,36.2,-41.5,1.4,1.74,-1.96
19,31,0,Raise hand and hold,122.6,-24.8,-17.2,0.21,0.57,-1.84
19,32,0,Raise hand and hold,110.2,167.3,110.6,-1.26,1.59,0.91
20,0,0,Raise hand and hold,40.4,138.0,143.1,1.89,-1.0,1.33
20,1,0,Raise hand and hold,-48.8,66.0,-24.4,-0.02,0.63,-1.38
20,2,0,Raise hand and hold,-63.6,-115.3,122.0,-1.63,-1.2,0.75
20,3,0,Raise hand and hold,43.7,-136.6,-172.3,1.62,0.32,-1.65
20,4,0,Raise hand and hold,-11.2,-54.2,-7.4,1.03,0.15,-1.18
20,5,0,Raise hand and hold,31.7,-151.8,123.5,-0.32,-0.46,0.31
20,6,0,Raise hand and hold,-50.3,66.5,17.3,1.05,-0.3,-0.97
20,7,0,Raise hand and hold,-7.8,178.9,-104.7,-0.68,-0.51,0.92
20,8,0,Raise hand and hold,-79.7,-128.0,175.8,0.24,-0.05,0.67
20,9,0,Raise hand and hold,-40.5,103.1,-142.4,-0.01,0.48,0.62
20,10,0,Raise hand and hold,24.9,-46.2,-89.4,1.16,1.72,-0.02
20,11,0,Raise hand and hold,49.0,-6.5,22.7,-0.41,-0.9,1.85
20,12,0,Raise hand and hold,-17.9,-7.6,60.8,-0.54,-0.92,-0.52
20,13,0,Raise hand and hold,-54.6,-46.9,74.8,-1.14,0.79,-0.88
20,14,0,Raise hand and hold,-19.0,18.0,-77.0,1.82,0.45,-1.03
20,15,0,Raise hand and hold,77.6,-142.8,-152.5,0.61,0.9,1.71
20,16,0,Raise hand and hold,65.5,120.7,164.3,1.47,-0.26,0.95
20,17,0,Raise hand and hold,-42.4,93.8,126.4,0.69,-0.12,0.09
20,18,0,Raise hand and hold,-46.3,176.1,-106.4,-1.12,-1.04,0.86
20,19,0,Raise hand and hold,25.9,-41.2,67.0,0.96,-1.95,-0.84
20,20,0,Raise hand and hold,-60.7,38.7,-18.1,1.03,0.81,1.55
20,21,0,Raise hand and hold,-2.9,-28.9,88.1,-0.17,-1.32,-0.05
20,22,0,Raise hand and hold,65.0,14.8,14.7,-1.56,-0.69,1.33
20,23,0,Raise hand and hold,-44.8,84.8,63.7,0.98,-0.5,-0.25
20,24,0,Raise hand and hold,-46.5,3.5,31.2,-0.88,-0.66,-1.1
20,25,0,Raise hand and hold,29.9,-126.7,124.0,1.27,-1.24,0.84
20,26,0,Raise hand and hold,113.2,-170.6,-98.4,-0.4,1.98,0.29
20,27,0,Raise hand and hold,-19.5,-24.3,-74.2,-0.06,1.43,-0.41
20,28,0,Raise hand and hold,-44.5,-75.6,-1.9,-1.18,0.03,-0.91
20,29,0,Raise hand and hold,-54.1,134.0,-163.1,0.46,0.8,-1.39
20,30,0,Raise hand and hold,-16.6,-98.4,91.3,-1.18,-0.52,0.01
20,31,0,Raise hand and hold,-2.3,-19.4,2.6,-0.22,-0.06,-1.38
20,32,0,Raise hand and hold,-39.1,-32.2,-46.2,0.78,1.7,-1.63
20,33,0,Raise hand and hold,-3.0,-165.5,-92.7,0.12,-0.8,0.15
20,34,0,Raise hand and hold,4.7,60.3,73.5,0.6,-1.47,-0.44
21,0,1,Shaking fist (3 shakes),7.4,-146.4,-104.3,0.46,1.6,0.41
21,1,1,Shaking fist (3 shakes),-9.8,19.9,-86.7,-1.42,-1.83,-0.12
21,2,1,Shaking fist (3 shakes),68.5,-134.7,-97.7,1.47,-1.93,0.28
21,3,1,Shaking fist (3 shakes),-28.6,-13.9,11.8,-0.15,-0.4,-1.92
21,4,1,Shaking fist (3 shakes),34.6,-147.4,122.6,0.65,-1.69,1.08
21,5,1,Shaking fist (3 shakes),-21.1,-161.1,140.4,0.08,-1.33,1.61
21,6,1,Shaking fist (3 shakes),-40.4,46.8,31.0,0.71,-1.29,1.86
21,7,1,Shaking fist (3 shakes),-62.9,159.2,-167.4,-1.2,0.32,1.45
21,8,1,Shaking fist (3 shakes),154.2,174.4,92.3,-0.88,1.64,0.09
21,9,1,Shaking fist (3 shakes),27.8,9.4,-57.6,-1.13,-1.54,-1.56
21,10,1,Shaking fist (3 shakes),57.2,11.9,45.1,-1.15,-1.66,-1.66
21,11,1,Shaking fist (3 shakes),-29.6,70.6,31.2,1.6,-0.29,-0.51
21,12,1,Shaking fist (3 shakes),92.9,-33.3,-70.7,0.71,-1.91,-0.73
21,13,1,Shaking fist (3 shakes),123.9,18.0,87.8,-1.04,-0.93,-0.04
21,14,1,Shaking fist (3 shakes),46.2,-133.8,160.9,-0.25,-0.14,0.43
21,15,1,Shaking fist (3 shakes),62.2,-67.2,-50.5,1.16,0.64,-0.53
21,16,1,Shaking fist (3 shakes),-64.5,19.6,36.6,-1.44,-1.1,-1.5
21,17,1,Shaking fist (3 shakes),53.3,-108.7,-143.7,-1.45,0.68,0.9
21,18,1,Shaking fist (3 shakes),-2.3,-1.5,-76.6,-0.6,-1.07,-0.7
21,19,1,Shaking fist (3 shakes),11.2,44.6,-83.1,1.22,-1.86,-0.26
21,20,1,Shaking fist (3 shakes),32.6,61.7,-71.9,-0.45,1.95,-0.64
21,21,1,Shaking fist (3 shakes),4.5,16.9,-15.6,-1.19,0.49,-1.72
21,22,1,Shaking fist (3 shakes),12.8,-39.6,-80.8,0.82,1.65,-0.27
21,23,1,Shaking fist (3 shakes),52.4,170.9,127.8,-0.83,-1.32,1.02
21,24,1,Shaking fist (3 shakes),-12.7,-22.5,-76.2,0.25,1.91,-0.47
21,25,1,Shaking fist (3 shakes),13.7,19.3,80.8,-1.35,1.86,-0.35
21,26,1,Shaking fist (3 shakes),-12.0,151.8,136.4,-1.69,-1.42,1.49
21,27,1,Shaking fist (3 shakes),-25.4,73.6,-88.0,0.1,0.97,-0.03
21,28,1,Shaking fist (3 shakes),7.8,-149.7,112.0,-0.31,-0.45,0.18
21,29,1,Shaking fist (3 shakes),42.5,-99.2,125.5,-1.6,-0.41,0.29
21,30,1,Shaking fist (3 shakes),70.1,-50.5,-63.1,1.67,1.69,-0.86
21,31,1,Shaking fist (3 shakes),-65.9,48.9,-67.9,0.27,-1.53,-1.0
21,32,1,Shaking fist (3 shakes),46.0,-13.7,-75.2,0.02,-0.73,-0.86
21,33,1,Shaking fist (3 shakes),46.0,98.2,-145.7,-1.09,0.33,0.52
21,34,1,Shaking fist (3 shakes),-50.7,-71.3,14.7,0.24,-0.45,-1.65
21,35,1,Shaking fist (3 shakes),5.3,-34.3,55.3,0.32,-1.42,-0.97
21,36,1,Shaking fist (3 shakes),-43.7,-171.9,-129.3,-0.51,1.97,1.6
21,37,1,Shaking fist (3 shakes),34.4,-37.1,3.2,0.85,-0.12,1.74
21,38,1,Shaking fist (3 shakes),-50.8,31.4,-49.0,-1.94,1.35,-1.16
21,39,1,Shaking fist (3 shakes),-159.7,-17.8,18.1,-0.31,-0.41,-1.3
21,40,1,Shaking fist (3 shakes),-86.2,-32.9,87.3,1.45,0.64,-0.16
21,41,1,Shaking fist (3 shakes),-40.1,153.6,129.1,1.83,1.74,1.84
21,42,1,Shaking fist (3 shakes),43.3,-127.2,157.2,1.84,-0.74,1.77
21,43,1,Shaking fist (3 shakes),-6.6,167.4,91.9,-1.24,0.99,0.1
21,44,1,Shaking fist (3 shakes),-40.1,-162.8,117.5,-0.11,-1.32,0.69
21,45,1,Shaking fist (3 shakes),32.4,120.5,-105.0,-0.07,1.99,0.53
21,46,1,Shaking fist (3 shakes),2.5,85.5,89.6,0.32,-0.25,0.0
21,47,1,Shaking fist (3 shakes),32.2,51.2,-63.7,1.21,1.5,-0.74
21,48,1,Shaking fist (3 shakes),28.9,150.3,133.2,-0.96,-0.34,0.31
21,49,1,Shaking fist (3 shakes),-12.7,146.2,96.8,1.03,0.64,0.4
21,50,1,Shaking fist (3 shakes),11.8,169.7,-117.2,-1.4,-1.49,1.3
21,51,1,Shaking fist (3 shakes),87.2,150.2,91.2,1.36,0.96,0.06
21,52,1,Shaking fist (3 shakes),18.1,61.0,-82.8,0.22,1.58,-0.2
21,53,1,Shaking fist (3 shakes),54.2,-166.5,-122.0,-0.06,-1.02,1.86
21,54,1,Shaking fist (3 shakes),-13.6,37.9,-21.8,1.7,0.66,-1.64
21,55,1,Shaking fist (3 shakes),19.6,175.8,-154.6,-1.03,0.68,1.42
21,56,1,Shaking fist (3 shakes),-35.3,26.7,39.5,1.3,1.76,1.27
21,57,1,Shaking fist (3 shakes),-26.5,134.4,107.1,0.44,1.47,0.77
21,58,1,Shaking fist (3 shakes),-99.1,157.4,176.4,-1.2,-0.04,0.9
21,59,1,Shaking fist (3 shakes),30.1,137.5,143.1,-1.69,-0.56,0.76
21,60,1,Shaking fist (3 shakes),5.9,-0.2,-84.6,-0.77,-1.59,-0.61
21,61,1,Shaking fist (3 shakes),-55.4,127.6,-167.4,0.69,0.46,-1.97
21,62,1,Shaking fist (3 shakes),-49.8,-68.1,-55.4,0.44,0.35,-0.24
21,63,1,Shaking fist (3 shakes),60.2,-112.2,-112.0,0.84,0.54,0.22
21,64,1,Shaking fist (3 shakes),-51.2,-153.6,-146.7,0.67,1.39,-1.88
21,65,1,Shaking fist (3 shakes),17.3,-141.6,104.6,1.71,1.19,0.73
21,66,1,Shaking fist (3 shakes),120.3,-179.6,126.7,-0.59,-1.35,1.01
21,67,1,Shaking fist (3 shakes),-25.7,-95.7,-121.1,-1.33,0.27,0.17
22,0,1,Shaking fist (3 shakes),-55.3,-117.2,-159.6,0.73,0.26,0.69
22,1,1,Shaking fist (3 shakes),25.6,-54.6,79.7,1.84,-1.78,-0.32
22,2,1,Shaking fist (3 shakes),-33.1,-109.0,169.5,-1.75,-0.18,1.0
22,3,1,Shaking fist (3 shakes),-6.2,19.1,75.0,-1.73,1.14,-0.77
22,4,1,Shaking fist (3 shakes),-44.7,-132.3,-129.9,0.29,0.69,0.58
22,5,1,Shaking fist (3 shakes),64.5,126.0,170.3,1.23,-0.25,1.48
22,6,1,Shaking fist (3 shakes),-6.5,-140.6,120.4,1.17,-1.97,1.16
22,7,1,Shaking fist (3 shakes),-17.8,11.3,75.4,-1.24,1.43,-0.67
22,8,1,Shaking fist (3 shakes),-77.6,-140.0,94.0,1.13,1.8,0.16
22,9,1,Shaking fist (3 shakes),-87.5,-151.4,109.4,0.28,-1.75,0.62
22,10,1,Shaking fist (3 shakes),8.4,-172.5,96.8,-0.48,-1.86,0.22
22,11,1,Shaking fist (3 shakes),70.7,174.7,146.5,-0.95,-1.02,1.55
22,12,1,Shaking fist (3 shakes),-23.6,154.7,105.2,-1.3,-1.04,0.28
22,13,1,Shaking fist (3 shakes),26.6,150.3,-167.5,-1.73,0.37,1.61
22,14,1,Shaking fist (3 shakes),34.0,131.5,-129.4,0.94,1.57,1.27
22,15,1,Shaking fist (3 shakes),-41.2,-32.9,25.5,0.38,-0.74,-1.59
22,16,1,Shaking fist (3 shakes),5.3,34.9,-84.3,1.82,-1.94,-0.21
22,17,1,Shaking fist (3 shakes),87.8,139.9,126.3,1.83,-1.37,1.01
22,18,1,Shaking fist (3 shakes),-70.4,34.1,-88.4,1.6,-1.33,-0.08
22,19,1,Shaking fist (3 shakes),-8.3,-23.9,-57.7,0.38,1.86,-1.17
22,20,1,Shaking fist (3 shakes),4.8,-135.1,-98.9,1.84,-1.59,0.37
22,21,1,Shaking fist (3 shakes),29.0,174.8,-150.1,-0.79,1.19,-1.95
22,22,1,Shaking fist (3 shakes),-30.8,-107.8,129.7,1.65,-0.54,0.45
22,23,1,Shaking fist (3 shakes),8.6,5.0,0.8,-0.67,-0.02,-1.59
22,24,1,Shaking fist (3 shakes),12.9,-106.3,-167.7,0.94,0.09,0.42
22,25,1,Shaking fist (3 shakes),73.4,141.9,-180.0,-1.69,0.0,1.44
22,26,1,Shaking fist (3 shakes),29.8,21.7,-60.5,-1.92,-1.05,-1.67
22,27,1,Shaking fist (3 shakes),-39.5,104.2,110.1,-1.5,-1.17,0.43
22,28,1,Shaking fist (3 shakes),-27.8,13.3,70.5,-0.93,-1.41,-0.5
22,29,1,Shaking fist (3 shakes),-29.2,-172.8,93.6,-0.2,0.81,0.2
22,30,1,Shaking fist (3 shakes),-49.5,-146.9,121.3,1.79,0.86,1.91
22,31,1,Shaking fist (3 shakes),-29.2,123.6,127.8,0.9,-1.32,1.02
22,32,1,Shaking fist (3 shakes),44.5,-82.9,43.7,0.57,-0.46,-0.47
22,33,1,Shaking fist (3 shakes),-32.0,-180.0,155.8,-0.72,-1.16,-1.45
22,34,1,Shaking fist (3 shakes),52.9,174.4,-126.5,-0.94,1.64,1.23
22,35,1,Shaking fist (3 shakes),-18.7,174.4,-163.0,-0.79,0.13,0.47
22,36,1,Shaking fist (3 shakes),-40.8,-159.3,-139.7,-0.0,1.5,1.78
22,37,1,Shaking fist (3 shakes),-61.0,67.8,-45.0,1.38,0.49,-0.5
22,38,1,Shaking fist (3 shakes),-32.0,-165.3,-122.7,-0.02,-1.2,1.8
22,39,1,Shaking fist (3 shakes),-5.0,170.1,94.9,-1.61,-0.05,0.35
22,40,1,Shaking fist (3 shakes),16.3,29.1,-83.7,-1.76,1.54,-0.17
22,41,1,Shaking fist (3 shakes),-27.0,-48.6,-70.7,-1.08,-0.81,-1.12
22,42,1,Shaking fist (3 shakes),-56.7,-57.4,-3.8,1.48,0.11,-1.52
22,43,1,Shaking fist (3 shakes),7.9,170.9,112.9,-1.04,-1.54,0.65
22,44,1,Shaking fist (3 shakes),40.3,69.6,-47.9,1.98,1.46,-1.32
22,45,1,Shaking fist (3 shakes),39.8,146.0,-162.6,1.86,0.63,1.98
22,46,1,Shaking fist (3 shakes),22.6,-86.6,30.9,-1.72,-0.08,-0.15
22,47,1,Shaking fist (3 shakes),33.5,-131.6,125.2,0.9,-1.06,0.75
22,48,1,Shaking fist (3 shakes),65.3,133.5,160.5,-1.68,-0.35,1.0
22,49,1,Shaking fist (3 shakes),-90.8,-26.8,36.9,0.58,-1.35,-1.81
22,50,1,Shaking fist (3 shakes),22.8,23.3,-63.3,1.65,-0.53,-1.74
22,51,1,Shaking fist (3 shakes),15.5,98.1,174.2,-0.1,-0.06,0.49
22,52,1,Shaking fist (3 shakes),27.4,138.2,-118.3,0.67,-1.43,1.4
22,53,1,Shaking fist (3 shakes),55.0,159.4,149.4,1.97,-1.56,-1.37
22,54,1,Shaking fist (3 shakes),110.0,173.7,100.1,-1.21,1.09,0.52
22,55,1,Shaking fist (3 shakes),12.3,7.0,84.6,-1.59,-1.64,-0.53
22,56,1,Shaking fist (3 shakes),-7.0,12.4,87.4,-1.24,-1.56,-0.07
22,57,1,Shaking fist (3 shakes),41.3,131.5,168.6,0.59,-0.44,-1.83
22,58,1,Shaking fist (3 shakes),-30.5,-5.5,84.6,-0.79,-1.14,-0.11
22,59,1,Shaking fist (3 shakes),25.2,-92.7,-132.3,-0.83,0.15,0.13
22,60,1,Shaking fist (3 shakes),-52.5,41.6,24.9,1.76,-0.65,-1.43
22,61,1,Shaking fist (3 shakes),-41.1,-107.4,-130.6,0.78,1.35,1.14
22,62,1,Shaking fist (3 shakes),17.8,-35.4,82.0,0.91,1.6,-0.34
22,63,1,Shaking fist (3 shakes),45.5,57.7,33.6,0.93,-0.78,-1.2
22,64,1,Shaking fist (3 shakes),52.8,-174.2,176.7,-0.32,-0.17,-0.94
22,65,1,Shaking fist (3 shakes),-103.5,132.2,-122.0,-0.99,0.3,0.18
22,66,1,Shaking fist (3 shakes),-44.4,-96.1,-161.1,0.71,0.05,0.13
22,67,1,Shaking fist (3 shakes),15.9,-5.6,-75.2,-0.0,1.39,-1.42
22,68,1,Shaking fist (3 shakes),59.3,-112.7,-102.2,-0.85,1.51,0.33
22,69,1,Shaking fist (3 shakes),-47.2,-76.3,-13.2,0.45,0.27,-1.19
22,70,1,Shaking fist (3 shakes),29.2,23.6,-55.3,-1.8,-1.7,-1.6
22,71,1,Shaking fist (3 shakes),-42.7,131.2,-130.3,0.7,1.71,1.47
22,72,1,Shaking fist (3 shakes),8.3,59.0,-84.2,1.31,1.15,-0.11
22,73,1,Shaking fist (3 shakes),-25.9,32.1,-59.5,-1.63,1.17,-0.69
23,0,1,Shaking fist (3 shakes),41.1,75.3,-59.7,-1.84,1.16,-0.68
23,1,1,Shaking fist (3 shakes),-54.0,101.1,-101.6,-0.01,0.63,0.13
23,2,1,Shaking fist (3 shakes),53.7,115.9,102.6,1.6,-0.8,0.18
23,3,1,Shaking fist (3 shakes),110.2,-150.4,-176.6,-0.29,0.04,0.74
23,4,1,Shaking fist (3 shakes),-26.7,-125.5,-90.7,-1.38,-1.63,0.03
23,5,1,Shaking fist (3 shakes),-85.5,147.6,-90.6,1.67,-1.44,0.03
23,6,1,Shaking fist (3 shakes),-35.6,-153.9,-147.2,0.83,1.7,-1.36
23,7,1,Shaking fist (3 shakes),67.4,164.5,126.6,-1.44,1.9,1.56
23,8,1,Shaking fist (3 shakes),66.9,-150.8,-122.5,0.42,1.72,1.09
23,9,1,Shaking fist (3 shakes),-67.0,-44.1,36.3,1.64,-1.45,-1.97
23,10,1,Shaking fist (3 shakes),45.3,-16.4,-29.9,-0.45,0.48,-0.84
23,11,1,Shaking fist (3 shakes),51.4,-129.5,170.9,1.77,-0.32,-1.93
23,12,1,Shaking fist (3 shakes),-7.5,132.9,117.4,-1.82,-0.84,0.44
23,13,1,Shaking fist (3 shakes),38.6,65.2,19.1,1.05,-0.31,-0.96
23,14,1,Shaking fist (3 shakes),-18.9,173.9,-96.0,-1.29,0.77,0.5
23,15,1,Shaking fist (3 shakes),-39.8,139.0,150.0,1.14,-1.2,-1.91
23,16,1,Shaking fist (3 shakes),67.5,-126.0,-128.6,0.95,0.97,0.76
23,17,1,Shaking fist (3 shakes),95.5,152.6,105.6,-1.77,-1.89,0.52
23,18,1,Shaking fist (3 shakes),-29.8,110.0,-130.7,1.85,0.43,0.36
23,19,1,Shaking fist (3 shakes),31.2,148.5,122.5,1.91,1.97,1.3
23,20,1,Shaking fist (3 shakes),-84.9,-37.6,-0.1,-0.06,0.01,-0.7
23,21,1,Shaking fist (3 shakes),-23.6,178.2,-108.3,-0.72,0.11,1.36
23,22,1,Shaking fist (3 shakes),-116.4,9.1,-80.4,-1.05,-0.58,-0.58
23,23,1,Shaking fist (3 shakes),-64.8,-130.2,117.6,-1.26,1.59,1.26
23,24,1,Shaking fist (3 shakes),9.5,-145.5,114.0,0.19,-0.91,0.41
23,25,1,Shaking fist (3 shakes),-19.3,-164.1,109.9,0.75,-0.04,1.47
23,26,1,Shaking fist (3 shakes),24.8,172.5,-111.5,-0.81,-1.68,0.92
23,27,1,Shaking fist (3 shakes),-29.6,150.5,111.5,-1.13,-1.07,0.42
23,28,1,Shaking fist (3 shakes),13.3,55.7,52.6,-1.86,-0.69,-0.52
23,29,1,Shaking fist (3 shakes),-42.0,-120.8,-138.1,1.52,0.84,0.95
23,30,1,Shaking fist (3 shakes),82.2,-173.4,-96.5,-0.33,-1.35,0.31
23,31,1,Shaking fist (3 shakes),-58.4,-21.1,8.1,0.09,-0.29,-1.94
23,32,1,Shaking fist (3 shakes),-44.4,133.3,-99.1,1.93,1.15,0.18
23,33,1,Shaking fist (3 shakes),23.0,33.2,-56.8,-1.95,1.43,-0.94
23,34,1,Shaking fist (3 shakes),32.1,-108.0,132.1,1.92,-0.66,0.6
23,35,1,Shaking fist (3 shakes),-8.9,151.5,110.1,1.78,1.56,0.89
23,36,1,Shaking fist (3 shakes),-38.6,-143.7,-158.3,0.26,0.53,1.33
23,37,1,Shaking fist (3 shakes),-8.4,-16.4,30.2,-0.18,-1.04,-1.8
23,38,1,Shaking fist (3 shakes),63.1,57.1,-1.1,1.95,0.02,-0.82
23,39,1,Shaking fist (3 shakes),65.1,-81.4,32.8,0.12,-0.06,-0.11
23,40,1,Shaking fist (3 shakes),-106.1,118.8,161.1,-0.95,-0.04,0.14
23,41,1,Shaking fist (3 shakes),-19.3,-81.3,38.3,-1.49,-0.3,-0.39
23,42,1,Shaking fist (3 shakes),-26.3,-70.8,36.4,1.95,-0.51,-0.7
23,43,1,Shaking fist (3 shakes),28.0,51.7,-69.7,-1.5,0.71,-0.26
23,44,1,Shaking fist (3 shakes),-134.5,156.6,-128.1,-1.36,1.49,1.16
23,45,1,Shaking fist (3 shakes),40.3,-71.0,53.1,0.28,-1.32,-1.0
23,46,1,Shaking fist (3 shakes),53.8,53.3,1.1,0.56,-0.05,1.85
23,47,1,Shaking fist (3 shakes),70.6,-46.6,-30.2,0.98,0.73,-1.27
23,48,1,Shaking fist (3 shakes),-87.8,-158.0,91.5,-0.03,-1.38,0.04
23,49,1,Shaking fist (3 shakes),-30.1,-17.0,-66.7,0.29,-1.33,-1.15
23,50,1,Shaking fist (3 shakes),27.4,113.5,137.2,1.31,-0.57,0.6
23,51,1,Shaking fist (3 shakes),86.1,-41.6,-47.4,0.25,0.88,-0.82
23,52,1,Shaking fist (3 shakes),-24.5,-142.5,-114.3,1.26,-1.52,1.12
23,53,1,Shaking fist (3 shakes),46.4,59.4,-32.4,0.9,0.71,-1.11
23,54,1,Shaking fist (3 shakes),-9.1,26.0,-88.4,-1.92,-1.83,-0.06
23,55,1,Shaking fist (3 shakes),-6.3,-20.8,-82.9,-0.35,1.33,-0.17
23,56,1,Shaking fist (3 shakes),71.5,170.9,102.3,-1.07,-1.66,0.36
23,57,1,Shaking fist (3 shakes),36.8,-139.5,-113.6,1.45,-1.58,1.05
23,58,1,Shaking fist (3 shakes),-50.0,-105.2,177.3,-0.01,-0.0,0.2
23,59,1,Shaking fist (3 shakes),28.4,-165.1,126.8,-0.13,-1.92,1.44
23,60,1,Shaking fist (3 shakes),18.8,-153.2,119.3,0.27,-1.5,0.84
23,61,1,Shaking fist (3 shakes),-2.7,129.1,-99.3,1.46,1.58,0.25
23,62,1,Shaking fist (3 shakes),13.2,9.3,-77.1,-0.68,0.68,-0.16
23,63,1,Shaking fist (3 shakes),-19.1,-35.3,80.6,1.34,1.43,-0.42
23,64,1,Shaking fist (3 shakes),-21.4,6.4,-87.0,-1.06,0.87,-0.26
23,65,1,Shaking fist (3 shakes),-42.9,143.6,-174.9,-1.46,0.11,1.27
23,66,1,Shaking fist (3 shakes),-56.8,-58.5,39.7,-0.72,-1.5,-1.79
24,0,1,Shaking fist (3 shakes),-20.6,89.8,89.9,-0.1,-0.01,-0.0
24,1,1,Shaking fist (3 shakes),79.3,-173.9,-170.7,-0.57,0.28,1.7
24,2,1,Shaking fist (3 shakes),21.7,21.1,-68.1,-1.91,-1.21,-1.12
24,3,1,Shaking fist (3 shakes),27.1,165.7,109.4,-1.87,-0.14,1.46
24,4,1,Shaking fist (3 shakes),-31.8,26.7,-65.9,1.67,-1.11,-1.29
24,5,1,Shaking fist (3 shakes),46.4,35.5,0.1,1.19,-0.01,1.11
24,6,1,Shaking fist (3 shakes),68.2,-128.0,168.9,-0.02,-0.11,0.56
24,7,1,Shaking fist (3 shakes),14.5,163.7,-101.7,-1.41,-1.77,0.46
24,8,1,Shaking fist (3 shakes),-70.9,-52.0,70.6,1.69,-1.8,-0.63
24,9,1,Shaking fist (3 shakes),-29.5,-178.2,-151.3,-0.71,0.44,0.8
24,10,1,Shaking fist (3 shakes),73.9,140.2,163.5,-1.98,-0.42,1.43
24,11,1,Shaking fist (3 shakes),32.1,-22.3,51.7,0.6,1.41,1.95
24,12,1,Shaking fist (3 shakes),28.9,146.0,-116.0,1.99,1.67,0.81
24,13,1,Shaking fist (3 shakes),-46.8,-104.2,-132.0,1.21,0.37,0.33
24,14,1,Shaking fist (3 shakes),-88.0,-40.8,82.0,0.7,-1.68,-0.24
24,15,1,Shaking fist (3 shakes),59.8,113.0,105.0,0.73,-1.0,0.27
24,16,1,Shaking fist (3 shakes),41.7,-6.2,22.9,-0.58,-0.83,-1.99
24,17,1,Shaking fist (3 shakes),31.1,6.6,65.8,-1.38,-0.43,-1.99
24,18,1,Shaking fist (3 shakes),-52.9,-157.3,137.2,0.7,1.55,-1.34
24,19,1,Shaking fist (3 shakes),-6.5,23.6,82.2,1.87,1.03,-0.42
24,20,1,Shaking fist (3 shakes),-49.0,77.4,-5.9,1.08,0.06,-0.48
24,21,1,Shaking fist (3 shakes),45.0,-5.5,-51.8,-0.58,1.81,-1.42
24,22,1,Shaking fist (3 shakes),110.8,-155.5,173.4,-0.31,-0.07,0.71
24,23,1,Shaking fist (3 shakes),-13.6,-120.1,170.4,0.7,-0.12,0.75
24,24,1,Shaking fist (3 shakes),49.2,-119.6,165.6,-1.85,-0.38,1.51
24,25,1,Shaking fist (3 shakes),52.5,-25.8,-11.1,0.75,0.48,1.56
24,26,1,Shaking fist (3 shakes),53.6,23.2,-27.0,-1.64,1.28,1.5
24,27,1,Shaking fist (3 shakes),47.8,129.6,-115.9,-1.07,0.48,0.23
24,28,1,Shaking fist (3 shakes),-153.6,176.7,175.3,-0.52,-0.12,1.52
24,29,1,Shaking fist (3 shakes),-25.3,-44.2,-74.8,1.86,-1.74,-0.62
24,30,1,Shaking fist (3 shakes),14.8,149.6,114.3,1.97,1.51,1.13
24,31,1,Shaking fist (3 shakes),44.4,-27.4,30.3,1.0,-1.38,1.63
24,32,1,Shaking fist (3 shakes),20.3,-151.2,-116.6,1.02,-1.51,1.25
24,33,1,Shaking fist (3 shakes),43.6,-74.6,75.4,0.3,-0.23,-0.05
24,34,1,Shaking fist (3 shakes),3.8,2.3,85.3,-0.7,-0.19,-0.34
24,35,1,Shaking fist (3 shakes),56.5,-151.0,135.2,0.12,-0.85,0.85
24,36,1,Shaking fist (3 shakes),22.1,143.5,-103.7,1.23,-1.34,0.66
24,37,1,Shaking fist (3 shakes),131.4,-160.8,-106.9,-0.52,0.63,0.2
24,38,1,Shaking fist (3 shakes),-48.7,-82.2,28.0,-0.98,-0.26,-0.46
24,39,1,Shaking fist (3 shakes),-40.5,-50.2,-47.8,0.91,1.11,-1.01
24,40,1,Shaking fist (3 shakes),102.0,-170.5,160.8,-0.58,-0.59,1.7
24,41,1,Shaking fist (3 shakes),-67.9,128.0,134.5,-1.19,-0.17,0.17
24,42,1,Shaking fist (3 shakes),61.7,122.9,135.2,-0.42,-1.61,1.63
24,43,1,Shaking fist (3 shakes),59.7,150.5,92.0,1.65,1.29,0.09
24,44,1,Shaking fist (3 shakes),61.7,14.2,57.3,-1.45,1.84,-1.4
24,45,1,Shaking fist (3 shakes),62.2,-52.7,-71.7,-1.47,-1.59,-0.8
24,46,1,Shaking fist (3 shakes),-52.7,154.3,-117.3,-1.54,1.67,0.86
24,47,1,Shaking fist (3 shakes),-61.3,133.4,-104.6,1.48,1.75,0.45
24,48,1,Shaking fist (3 shakes),2.9,173.7,-90.7,-0.82,1.97,0.02
24,49,1,Shaking fist (3 shakes),-2.9,28.6,58.4,-1.89,1.98,-1.25
24,50,1,Shaking fist (3 shakes),13.6,-177.9,166.7,-0.47,-0.39,1.63
24,51,1,Shaking fist (3 shakes),-5.4,-163.0,139.4,0.15,-1.46,1.7
24,52,1,Shaking fist (3 shakes),-5.8,-52.4,46.1,1.53,-1.16,-1.1
24,53,1,Shaking fist (3 shakes),-48.9,39.0,-7.3,0.74,0.38,0.89
24,54,1,Shaking fist (3 shakes),5.4,-16.3,81.3,-0.08,1.75,-0.34
24,55,1,Shaking fist (3 shakes),-53.0,-48.8,18.0,-0.19,-0.17,-0.48
24,56,1,Shaking fist (3 shakes),-124.1,168.9,-174.3,-1.04,0.11,1.3
24,57,1,Shaking fist (3 shakes),-15.1,-27.9,-87.3,0.69,-1.03,-0.14
24,58,1,Shaking fist (3 shakes),-9.3,-176.2,-103.2,-0.67,-0.91,0.72
24,59,1,Shaking fist (3 shakes),-45.4,-155.6,136.4,-0.02,-1.3,1.37
24,60,1,Shaking fist (3 shakes),57.6,50.2,57.4,1.0,-1.5,-0.97
24,61,1,Shaking fist (3 shakes),-117.5,19.9,-49.6,-1.24,0.84,-0.71
24,62,1,Shaking fist (3 shakes),0.1,-161.1,110.3,0.0,1.69,0.85
24,63,1,Shaking fist (3 shakes),-94.6,-33.5,15.2,-0.14,-0.27,-1.02
24,64,1,Shaking fist (3 shakes),95.9,151.7,99.2,1.92,1.49,0.4
24,65,1,Shaking fist (3 shakes),75.8,-137.9,-98.8,-1.73,-0.76,0.49
24,66,1,Shaking fist (3 shakes),55.0,-82.6,-60.3,1.95,0.31,-0.17
24,67,1,Shaking fist (3 shakes),-10.2,-129.3,-99.1,1.81,1.87,0.3
24,68,1,Shaking fist (3 shakes),-59.8,-70.9,65.5,-1.27,-1.01,-0.46
24,69,1,Shaking fist (3 shakes),-39.3,76.5,80.6,-0.17,-0.87,-0.14
24,70,1,Shaking fist (3 shakes),-34.7,117.1,95.3,0.83,-1.38,0.13
24,71,1,Shaking fist (3 shakes),59.6,-14.0,-45.9,-0.05,1.48,-1.44
24,72,1,Shaking fist (3 shakes),-29.3,52.2,32.2,1.1,-0.97,-1.52
24,73,1,Shaking fist (3 shakes),-42.8,-33.2,5.1,0.29,-0.13,-1.34
24,74,1,Shaking fist (3 shakes),27.7,103.8,-171.4,0.14,0.1,0.73
24,75,1,Shaking fist (3 shakes),-2.5,46.8,-50.7,1.91,0.87,-0.72
24,76,1,Shaking fist (3 shakes),-132.4,153.3,-117.9,-1.45,0.98,0.53
25,0,1,Shaking fist (3 shakes),44.3,96.5,-145.8,-1.08,0.27,0.4
25,1,1,Shaking fist (3 shakes),-6.1,169.7,-118.9,-1.24,-1.71,1.26
25,2,1,Shaking fist (3 shakes),79.6,172.8,112.2,-0.96,-1.38,0.56
25,3,1,Shaking fist (3 shakes),11.0,17.3,-80.5,1.71,0.8,-0.8
25,4,1,Shaking fist (3 shakes),-33.2,127.8,120.7,0.98,-1.5,0.89
25,5,1,Shaking fist (3 shakes),22.3,53.7,-7.7,1.18,0.2,-1.49
25,6,1,Shaking fist (3 shakes),52.5,76.5,82.1,-1.07,-1.03,-0.14
25,7,1,Shaking fist (3 shakes),43.4,-151.0,154.7,0.84,-1.24,-1.37
25,8,1,Shaking fist (3 shakes),-12.2,-1.4,-67.4,-0.71,-1.63,-0.99
25,9,1,Shaking fist (3 shakes),24.1,129.6,-103.1,0.28,-1.63,0.55
25,10,1,Shaking fist (3 shakes),24.6,-132.0,106.0,1.23,-1.73,0.5
25,11,1,Shaking fist (3 shakes),-48.1,10.6,-45.3,-1.46,-1.42,1.45
25,12,1,Shaking fist (3 shakes),45.2,37.0,39.0,1.83,-1.12,-1.4
25,13,1,Shaking fist (3 shakes),54.5,177.1,156.2,-0.93,-0.87,2.0
25,14,1,Shaking fist (3 shakes),70.0,-49.9,-62.9,-0.37,0.35,-0.18
25,15,1,Shaking fist (3 shakes),-18.3,31.3,-80.5,0.59,0.26,-0.71
25,16,1,Shaking fist (3 shakes),21.7,6.3,83.6,-1.33,-0.92,-0.56
25,17,1,Shaking fist (3 shakes),-162.0,-3.8,78.8,-0.64,-1.98,-0.4
25,18,1,Shaking fist (3 shakes),-31.9,59.0,77.7,-0.71,1.7,-0.51
25,19,1,Shaking fist (3 shakes),13.0,-153.5,129.9,0.28,-1.29,1.08
25,20,1,Shaking fist (3 shakes),-87.9,38.9,-75.0,1.89,1.88,-0.5
25,21,1,Shaking fist (3 shakes),27.6,-46.4,69.8,-1.01,0.87,-1.16
25,22,1,Shaking fist (3 shakes),-91.5,-151.0,-179.2,0.33,0.03,1.32
25,23,1,Shaking fist (3 shakes),20.3,14.1,75.2,-1.0,1.69,-0.61
25,24,1,Shaking fist (3 shakes),-1.5,-160.1,128.9,0.05,-0.93,0.76
25,25,1,Shaking fist (3 shakes),-8.9,-165.9,-96.1,0.37,-1.03,0.32
25,26,1,Shaking fist (3 shakes),-46.2,-48.6,-26.0,1.58,0.75,-1.54
25,27,1,Shaking fist (3 shakes),-36.0,7.4,36.5,-0.66,-1.31,-1.78
25,28,1,Shaking fist (3 shakes),-34.1,179.1,-117.8,-0.38,0.63,0.33
25,29,1,Shaking fist (3 shakes),-3.2,169.2,90.6,-1.06,0.66,0.03
25,30,1,Shaking fist (3 shakes),64.3,106.5,-159.0,-1.0,0.06,0.16
25,31,1,Shaking fist (3 shakes),-27.9,-59.9,-84.8,-1.23,1.85,-0.17
25,32,1,Shaking fist (3 shakes),-2.6,1.9,87.6,-0.5,-1.91,-0.08
25,33,1,Shaking fist (3 shakes),30.6,161.1,96.6,-1.78,0.54,0.4
25,34,1,Shaking fist (3 shakes),18.1,73.7,63.2,0.26,-0.83,-0.41
25,35,1,Shaking fist (3 shakes),48.3,-71.1,13.5,-1.02,-0.31,-1.2
25,36,1,Shaking fist (3 shakes),57.2,-124.2,-166.3,1.96,0.45,1.87
25,37,1,Shaking fist (3 shakes),8.9,164.8,-146.8,-1.19,0.64,0.99
25,38,1,Shaking fist (3 shakes),-36.6,-39.2,-42.4,1.58,-1.97,1.77
25,39,1,Shaking fist (3 shakes),45.8,160.8,113.8,1.68,0.19,1.68
25,40,1,Shaking fist (3 shakes),15.5,104.6,-111.1,0.53,0.65,0.25
25,41,1,Shaking fist (3 shakes),24.1,10.7,35.3,-1.33,-1.54,1.81
25,42,1,Shaking fist (3 shakes),-27.0,125.9,-159.4,1.06,0.54,1.43
25,43,1,Shaking fist (3 shakes),-2.5,-170.0,93.8,-0.03,-0.46,0.29
25,44,1,Shaking fist (3 shakes),46.4,72.1,-33.5,0.85,0.44,-0.66
25,45,1,Shaking fist (3 shakes),-48.9,-82.8,14.9,0.7,-0.17,-0.67
25,46,1,Shaking fist (3 shakes),54.2,45.3,-26.0,1.72,0.7,-1.42
25,47,1,Shaking fist (3 shakes),24.5,-0.3,-41.8,-0.53,1.95,1.83
25,48,1,Shaking fist (3 shakes),40.8,17.1,-20.8,-1.18,0.75,-1.96
25,49,1,Shaking fist (3 shakes),-42.5,-144.3,-123.4,0.31,0.97,0.64
25,50,1,Shaking fist (3 shakes),-37.8,-159.8,-148.6,0.23,1.06,1.73
25,51,1,Shaking fist (3 shakes),-50.4,-71.3,23.3,1.49,-0.27,-0.62
25,52,1,Shaking fist (3 shakes),36.8,-76.5,15.7,-1.62,-0.2,-0.67
25,53,1,Shaking fist (3 shakes),58.4,-110.3,-92.9,-0.24,1.58,0.08
25,54,1,Shaking fist (3 shakes),-63.7,-3.3,14.2,-0.56,-0.64,1.52
25,55,1,Shaking fist (3 shakes),-89.6,154.5,-176.1,-1.33,0.07,1.28
25,56,1,Shaking fist (3 shakes),-10.1,122.5,-133.7,1.12,0.97,0.94
25,57,1,Shaking fist (3 shakes),-5.9,-19.7,-64.2,0.18,-1.66,-1.14
25,58,1,Shaking fist (3 shakes),-46.3,9.5,-15.2,-1.5,0.99,0.39
25,59,1,Shaking fist (3 shakes),38.3,63.0,-30.8,0.26,0.75,-1.26
25,60,1,Shaking fist (3 shakes),48.5,38.7,26.3,1.57,-0.86,-1.75
25,61,1,Shaking fist (3 shakes),86.5,-175.9,157.0,-0.71,-0.59,1.4
25,62,1,Shaking fist (3 shakes),2.7,37.2,-57.8,1.55,1.83,-1.15
25,63,1,Shaking fist (3 shakes),-44.6,-20.4,41.3,0.52,1.66,1.32
25,64,1,Shaking fist (3 shakes),67.4,-144.8,158.1,-0.4,-0.2,0.52
25,65,1,Shaking fist (3 shakes),127.9,-16.7,-79.5,-0.29,1.11,-0.21
25,66,1,Shaking fist (3 shakes),-11.2,46.6,80.3,1.4,-1.85,-0.32
25,67,1,Shaking fist (3 shakes),45.3,-149.7,-127.0,0.7,1.79,1.33
25,68,1,Shaking fist (3 shakes),171.0,-56.0,-73.9,-0.16,0.2,-0.06
25,69,1,Shaking fist (3 shakes),28.8,-115.6,122.6,-1.69,-1.13,0.72
25,70,1,Shaking fist (3 shakes),-147.6,-139.2,90.7,-0.22,-0.3,0.01
25,71,1,Shaking fist (3 shakes),9.5,152.8,-174.7,-1.18,0.12,1.34
25,72,1,Shaking fist (3 shakes),-106.7,-160.0,120.4,-0.16,-1.13,0.66
25,73,1,Shaking fist (3 shakes),41.5,72.6,18.1,0.35,-0.31,-0.89
25,74,1,Shaking fist (3 shakes),-41.6,-67.2,13.9,-1.59,-0.33,-1.25
26,0,2,Vertical chop,-47.6,-143.1,-141.7,0.92,1.22,1.54
26,1,2,Vertical chop,-38.9,-34.6,-48.2,1.41,-1.87,-1.9
26,2,2,Vertical chop,-59.4,-131.1,113.9,1.94,-1.99,0.88
26,3,2,Vertical chop,-26.1,-148.0,-137.7,0.54,1.19,1.3
26,4,2,Vertical chop,-68.6,-4.8,25.2,-0.36,-0.99,1.89
26,5,2,Vertical chop,-7.2,156.0,-109.9,-1.91,-1.16,1.03
26,6,2,Vertical chop,28.3,125.2,-94.2,0.57,-1.97,0.15
26,7,2,Vertical chop,52.5,30.5,8.0,-1.5,-0.22,-1.58
26,8,2,Vertical chop,-61.6,-70.0,59.2,1.72,-0.71,-0.42
26,9,2,Vertical chop,-132.1,-15.3,48.8,-0.35,-0.56,-0.49
26,10,2,Vertical chop,20.5,175.1,168.8,-0.71,-0.35,1.76
26,11,2,Vertical chop,-43.8,-86.4,-23.2,1.44,0.05,-0.12
26,12,2,Vertical chop,-16.6,143.4,111.4,1.95,-1.86,0.73
26,13,2,Vertical chop,-56.9,-52.6,84.8,1.48,-1.56,-0.14
26,14,2,Vertical chop,-20.4,-29.1,-72.5,1.65,-0.19,-1.2
26,15,2,Vertical chop,5.4,-178.5,-96.6,-0.53,-1.59,0.28
26,16,2,Vertical chop,-48.4,61.2,-5.6,-1.07,0.25,1.55
26,17,2,Vertical chop,-57.0,177.8,-165.6,-0.64,0.22,0.84
26,18,2,Vertical chop,-0.0,16.8,-62.6,-1.33,1.97,-1.02
26,19,2,Vertical chop,43.3,171.4,-161.0,-1.1,0.95,-1.27
26,20,2,Vertical chop,66.3,131.8,97.3,-1.53,-0.76,0.09
26,21,2,Vertical chop,-28.9,-156.3,-116.5,0.54,-1.54,1.22
26,22,2,Vertical chop,-5.4,25.3,-71.2,-1.64,1.96,-0.67
26,23,2,Vertical chop,-37.6,-1.8,43.7,-0.6,-1.45,-1.53
26,24,2,Vertical chop,-37.6,38.9,1.4,1.68,-0.05,1.95
26,25,2,Vertical chop,-31.5,-17.9,-63.8,-0.0,1.85,-0.91
26,26,2,Vertical chop,-14.4,-163.9,-104.9,0.06,-1.56,0.64
26,27,2,Vertical chop,42.5,130.9,176.4,1.56,-0.09,1.52
26,28,2,Vertical chop,40.1,-74.3,79.4,-0.61,-1.11,-0.21
26,29,2,Vertical chop,-56.3,-166.7,-163.2,-0.02,0.78,-1.42
26,30,2,Vertical chop,6.4,-5.1,-85.7,-0.44,-1.63,-0.18
26,31,2,Vertical chop,-9.4,-9.5,-81.9,-0.13,-0.89,-0.44
26,32,2,Vertical chop,-35.7,-47.5,52.5,1.81,-1.78,-1.37
26,33,2,Vertical chop,-96.7,-154.9,110.9,0.17,-1.6,0.61
26,34,2,Vertical chop,-147.8,-1.9,80.3,-0.6,-0.91,-0.16
26,35,2,Vertical chop,17.0,148.5,-98.1,1.39,-0.8,0.46
26,36,2,Vertical chop,1.5,-75.2,47.7,0.97,-0.31,-0.28
26,37,2,Vertical chop,33.2,-125.0,126.1,1.89,-1.42,1.04
26,38,2,Vertical chop,23.0,-159.3,-118.3,0.52,-1.31,1.45
26,39,2,Vertical chop,-23.0,101.0,-162.3,0.19,0.18,0.59
26,40,2,Vertical chop,-45.7,59.7,-66.2,1.15,1.18,-0.52
26,41,2,Vertical chop,12.0,176.5,-110.4,-0.87,-0.67,1.24
26,42,2,Vertical chop,25.7,-164.8,111.4,0.05,1.59,0.95
26,43,2,Vertical chop,27.0,-5.1,68.5,-0.36,0.89,-1.21
26,44,2,Vertical chop,62.7,-58.6,-71.6,-1.74,1.68,-0.56
26,45,2,Vertical chop,53.5,-168.3,-139.8,-0.18,1.53,1.83
27,0,2,Vertical chop,25.7,-153.0,114.5,0.64,1.98,0.92
27,1,2,Vertical chop,155.8,140.2,156.9,-0.67,-0.08,0.19
27,2,2,Vertical chop,4.6,-63.0,80.2,0.2,-0.35,-0.06
27,3,2,Vertical chop,-67.6,-66.9,64.1,0.83,-0.51,-0.25
27,4,2,Vertical chop,-83.0,166.4,-136.0,-1.13,1.82,1.88
27,5,2,Vertical chop,67.3,150.6,114.4,-1.51,-1.64,0.74
27,6,2,Vertical chop,47.6,116.4,177.6,-1.03,-0.1,-1.75
27,7,2,Vertical chop,-47.1,5.5,-49.7,-0.65,1.24,-1.05
27,8,2,Vertical chop,10.7,38.3,32.6,2.0,-0.99,-1.56
27,9,2,Vertical chop,-24.9,-97.8,-118.9,-1.79,0.34,0.18
27,10,2,Vertical chop,-29.2,-47.8,-43.1,1.46,1.26,-1.34
27,11,2,Vertical chop,33.3,116.0,-127.6,0.06,1.28,0.98
27,12,2,Vertical chop,-24.9,-133.5,-95.2,-1.62,-1.13,0.25
27,13,2,Vertical chop,8.1,-0.0,69.4,-0.66,1.93,-0.79
27,14,2,Vertical chop,-34.7,-173.9,-144.2,-0.38,1.61,-1.79
27,15,2,Vertical chop,20.8,26.5,-58.6,-1.94,-1.93,-1.26
27,16,2,Vertical chop,-14.6,162.2,113.2,-0.99,-0.72,0.3
27,17,2,Vertical chop,-44.6,-162.4,133.6,-0.39,-0.79,0.76
27,18,2,Vertical chop,80.3,24.8,34.3,-1.22,-0.59,-0.87
27,19,2,Vertical chop,-46.8,-96.2,94.4,-0.11,-0.5,0.04
27,20,2,Vertical chop,6.3,13.9,-87.6,-1.2,1.9,-0.08
27,21,2,Vertical chop,-46.9,24.1,-33.3,-1.94,1.49,1.74
27,22,2,Vertical chop,18.6,66.8,28.1,-1.75,-0.21,-0.4
27,23,2,Vertical chop,45.2,-103.9,-126.1,-1.94,0.56,0.4
27,24,2,Vertical chop,-129.3,48.1,16.9,-1.45,-0.2,-0.65
27,25,2,Vertical chop,-54.4,-133.1,103.6,0.88,-1.42,0.34
27,26,2,Vertical chop,39.8,-56.0,75.2,0.15,-0.54,-0.14
27,27,2,Vertical chop,-34.2,157.8,137.2,-1.28,-0.99,1.07
27,28,2,Vertical chop,-59.5,155.3,-165.8,-1.56,0.47,1.85
27,29,2,Vertical chop,33.0,-138.9,-142.7,1.22,1.33,1.75
27,30,2,Vertical chop,-59.4,-53.1,23.4,0.02,-0.21,-0.49
27,31,2,Vertical chop,-69.9,59.4,-34.3,-1.75,0.35,-0.52
27,32,2,Vertical chop,-130.0,-4.6,26.1,-0.57,-0.76,-1.54
27,33,2,Vertical chop,39.2,1.3,47.0,-0.81,0.79,1.0
27,34,2,Vertical chop,7.3,20.9,-63.2,-1.2,1.13,-0.57
27,35,2,Vertical chop,-47.3,-9.6,-52.0,-0.24,-1.79,-1.72
27,36,2,Vertical chop,50.9,-64.0,-5.4,-0.63,0.17,-1.96
27,37,2,Vertical chop,-21.4,-5.3,83.1,-0.32,-0.01,-0.47
27,38,2,Vertical chop,-24.0,-156.3,-116.8,0.52,-1.53,1.27
28,0,2,Vertical chop,70.5,-37.7,-42.2,1.16,1.51,-1.67
28,1,2,Vertical chop,60.5,25.5,-27.9,-1.77,1.17,-1.67
28,2,2,Vertical chop,-137.6,12.2,-81.5,1.63,0.52,0.47
28,3,2,Vertical chop,-140.4,13.5,-87.8,-0.64,-0.53,0.32
28,4,2,Vertical chop,-60.7,66.8,-33.1,1.61,0.43,-0.66
28,5,2,Vertical chop,-39.3,70.8,89.5,1.68,-0.61,-0.01
28,6,2,Vertical chop,0.6,151.7,99.7,-1.96,1.44,0.44
28,7,2,Vertical chop,-74.2,134.3,-97.7,1.14,-1.78,0.3
28,8,2,Vertical chop,-73.1,16.3,-68.7,-1.35,-1.6,-0.94
28,9,2,Vertical chop,-1.6,-164.6,-157.3,-0.29,0.45,1.06
28,10,2,Vertical chop,-2.4,-175.0,-94.0,-0.32,-0.66,0.23
28,11,2,Vertical chop,-125.8,170.9,-109.3,-1.12,-1.5,0.87
28,12,2,Vertical chop,-0.3,-147.1,104.5,1.22,1.13,0.74
28,13,2,Vertical chop,-34.0,10.3,-6.6,-1.05,0.22,-1.85
28,14,2,Vertical chop,-77.4,12.3,-54.4,-1.27,-1.94,-1.47
28,15,2,Vertical chop,21.8,-27.1,70.2,0.93,0.92,-1.12
28,16,2,Vertical chop,89.7,-158.0,-147.6,-0.09,0.89,1.38
28,17,2,Vertical chop,-38.3,0.3,55.0,-0.77,0.86,1.8
28,18,2,Vertical chop,-70.3,-128.9,175.9,0.05,-0.04,0.63
28,19,2,Vertical chop,13.7,-49.6,87.5,1.1,-1.56,-0.07
28,20,2,Vertical chop,52.7,167.1,162.3,-1.25,-0.68,-1.87
28,21,2,Vertical chop,38.4,67.1,-52.4,-1.52,1.6,-1.23
28,22,2,Vertical chop,-77.0,-27.4,47.0,0.32,-1.45,-1.35
28,23,2,Vertical chop,-34.8,-115.1,-98.2,-0.58,1.91,0.27
28,24,2,Vertical chop,-25.2,-6.1,-11.6,-0.63,0.14,-0.66
28,25,2,Vertical chop,49.6,12.4,-52.6,-1.36,-1.59,-1.84
28,26,2,Vertical chop,-13.1,-4.0,-45.1,-0.55,1.39,-1.39
28,27,2,Vertical chop,-58.2,-53.7,67.2,1.47,-1.46,-0.61
28,28,2,Vertical chop,55.2,115.0,146.1,-0.93,-1.1,1.64
28,29,2,Vertical chop,-7.1,154.1,90.5,-1.65,-1.97,0.02
28,30,2,Vertical chop,57.9,72.9,70.4,-0.52,-1.11,-0.39
28,31,2,Vertical chop,-5.1,-10.2,88.1,0.05,-0.2,-0.14
28,32,2,Vertical chop,45.2,-105.0,156.2,0.47,-0.57,1.27
28,33,2,Vertical chop,48.6,-157.5,-142.3,-0.44,0.39,0.52
28,34,2,Vertical chop,167.5,57.0,65.5,-0.85,-0.09,-0.03
28,35,2,Vertical chop,-37.6,158.0,154.8,-1.79,-1.14,-1.6
29,0,2,Vertical chop,7.4,-116.4,-170.7,1.24,0.15,0.91
29,1,2,Vertical chop,-63.3,-120.3,170.2,1.07,-0.17,0.96
29,2,2,Vertical chop,-43.3,10.6,1.2,-1.21,-0.07,0.75
29,3,2,Vertical chop,35.8,-127.7,118.1,0.91,-1.03,0.55
29,4,2,Vertical chop,-122.7,-7.0,73.0,-0.26,1.34,-0.82
29,5,2,Vertical chop,-12.7,-69.4,-63.0,-1.68,0.98,-0.5
29,6,2,Vertical chop,-50.7,140.7,161.0,1.42,-0.78,-1.72
29,7,2,Vertical chop,-11.3,-25.3,5.6,-0.17,-0.09,-0.92
29,8,2,Vertical chop,19.3,-74.2,68.5,-1.7,-0.77,-0.31
29,9,2,Vertical chop,-10.2,167.0,114.5,-1.24,1.66,1.06
29,10,2,Vertical chop,7.3,-34.9,-80.6,1.78,-0.55,-0.57
29,11,2,Vertical chop,-22.0,113.0,124.7,1.11,-0.75,0.52
29,12,2,Vertical chop,23.3,39.6,-75.4,0.69,-0.97,-0.8
29,13,2,Vertical chop,-22.8,49.8,-7.6,1.38,0.22,-1.59
29,14,2,Vertical chop,36.9,148.4,-165.9,1.75,0.61,-1.62
29,15,2,Vertical chop,-91.8,153.0,-132.9,-1.18,0.64,0.59
29,16,2,Vertical chop,-54.7,-20.2,-39.7,0.22,1.65,-1.99
29,17,2,Vertical chop,21.0,7.5,-71.5,-1.36,0.55,-1.52
29,18,2,Vertical chop,-52.3,174.1,-163.2,-1.02,0.9,-1.03
29,19,2,Vertical chop,-57.0,-83.6,22.2,0.93,-0.07,-0.17
29,20,2,Vertical chop,25.1,14.4,83.3,-1.91,-0.72,-0.56
29,21,2,Vertical chop,50.4,132.0,111.9,1.01,-1.92,0.77
29,22,2,Vertical chop,-35.5,57.4,55.8,-0.87,1.78,-1.51
29,23,2,Vertical chop,-105.8,-42.2,-21.7,-0.06,0.25,-0.64
29,24,2,Vertical chop,14.6,-23.3,35.3,-0.2,-0.66,-0.93
29,25,2,Vertical chop,-7.6,112.5,91.7,0.5,-1.16,0.04
29,26,2,Vertical chop,32.7,-60.3,70.5,-1.31,-1.82,-0.64
29,27,2,Vertical chop,-29.2,30.0,59.0,-1.74,-1.58,-0.94
29,28,2,Vertical chop,1.9,163.2,95.1,-1.34,1.83,0.19
29,29,2,Vertical chop,-46.4,128.4,-131.3,0.7,1.56,1.38
29,30,2,Vertical chop,-34.8,125.4,-91.0,1.4,1.36,0.03
29,31,2,Vertical chop,-176.2,0.2,-87.7,-0.69,-0.61,-0.13
29,32,2,Vertical chop,9.8,-39.5,82.4,1.93,0.82,-0.42
29,33,2,Vertical chop,-26.3,130.0,97.7,0.49,1.66,0.32
29,34,2,Vertical chop,25.8,-136.6,107.0,1.2,-1.95,0.6
29,35,2,Vertical chop,43.6,66.1,17.7,0.07,-0.44,-1.35
30,0,2,Vertical chop,-38.9,166.7,-129.4,-1.39,-1.4,-1.86
30,1,2,Vertical chop,16.7,2.1,-45.2,-0.62,0.53,-0.52
30,2,2,Vertical chop,80.5,-137.9,-105.5,1.3,-1.99,0.56
30,3,2,Vertical chop,-36.3,-0.6,56.6,-0.55,0.83,1.91
30,4,2,Vertical chop,-16.3,-16.8,-73.8,1.08,1.29,-1.54
30,5,2,Vertical chop,57.0,136.8,126.9,1.81,-1.38,1.03
30,6,2,Vertical chop,-54.4,-46.3,66.2,-1.24,1.08,-1.28
30,7,2,Vertical chop,40.8,141.8,-144.6,1.11,1.7,-1.61
30,8,2,Vertical chop,-0.4,33.4,68.8,1.88,1.89,-0.82
30,9,2,Vertical chop,-47.8,-77.5,57.1,-0.4,-0.78,-0.51
30,10,2,Vertical chop,-34.2,-126.5,105.8,1.94,-1.82,0.51
30,11,2,Vertical chop,-13.9,30.2,80.3,1.47,0.93,-0.54
30,12,2,Vertical chop,22.8,-136.7,102.0,-1.63,0.8,0.67
30,13,2,Vertical chop,46.8,-45.7,-49.7,-1.79,-1.81,-1.86
30,14,2,Vertical chop,-27.4,-52.8,-37.9,0.46,0.56,-0.72
30,15,2,Vertical chop,-27.3,-47.6,-54.4,1.66,1.8,-1.29
30,16,2,Vertical chop,44.5,131.4,-144.3,0.91,1.21,1.68
30,17,2,Vertical chop,29.7,119.1,-134.6,1.61,0.66,0.64
30,18,2,Vertical chop,28.2,174.7,-119.9,-1.03,-0.87,1.8
30,19,2,Vertical chop,-2.7,13.3,85.6,-1.17,2.0,-0.15
30,20,2,Vertical chop,-25.9,10.5,72.3,-0.89,-1.03,-0.33
30,21,2,Vertical chop,39.9,-156.0,148.7,0.09,-0.91,1.49
30,22,2,Vertical chop,45.0,83.7,-35.9,1.62,0.37,-0.51
30,23,2,Vertical chop,19.3,-138.6,98.7,-1.83,0.79,0.49
30,24,2,Vertical chop,-25.5,113.5,-106.8,-0.38,1.54,0.46
30,25,2,Vertical chop,15.5,-62.4,-12.6,1.64,0.26,-1.19
30,26,2,Vertical chop,8.5,61.9,89.3,0.47,-1.51,-0.02
30,27,2,Vertical chop,49.6,-100.3,-165.5,1.39,0.09,0.37
30,28,2,Vertical chop,-17.7,68.4,-53.9,0.79,0.8,-0.59
30,29,2,Vertical chop,-4.8,2.5,-64.4,-0.79,1.96,-0.94
30,30,2,Vertical chop,-11.9,-13.9,86.0,0.28,0.06,-0.27
30,31,2,Vertical chop,-3.6,6.6,-80.1,-0.95,-1.82,-0.38
30,32,2,Vertical chop,-14.6,-154.3,-101.5,0.74,-1.09,0.6
